标题,新闻分类,详情页地址,图片地址,新闻来源,详情页
俄试射的萨尔马特导弹被称世界最强 可绕南极打击北美,yaowen,https://www.163.com/dy/article/H64U7B4205158C06.html,http://cms-bucket.ws.126.net/2022/0429/ffa8d3a7p00rb3njz0089c000s600e3c.png,军武次位面,https://www.163.com/dy/article/H64U7B4205158C06.html
上海封控满月 蔬菜店老板：有段时间没什么菜吃了,yaowen,https://www.163.com/dy/article/H64LH8S9055040N3.html,http://cms-bucket.ws.126.net/2022/0429/75609939p00rb3n4i00uec000rs00kuc.png,上观新闻,https://www.163.com/dy/article/H64LH8S9055040N3.html
领导干部收到香烟等物资?大量苹果被扔路边?媒体求证,yaowen,https://www.163.com/dy/article/H652VMMU055040N3.html,http://cms-bucket.ws.126.net/2022/0429/21a56471p00rb3mpb009sc000fe00auc.png,上观新闻,https://www.163.com/dy/article/H652VMMU055040N3.html
演员改当总统后悔吗?战争爆发你变了吗?泽连斯基回应,yaowen,https://www.163.com/dy/article/H6521183051481US.html,http://cms-bucket.ws.126.net/2022/0429/d789f4e4p00rb3lzf002cc0009c0070c.png,观察者网,https://www.163.com/dy/article/H6521183051481US.html
联合国被指拟营救亚速钢铁厂北约军人 俄军展开行动,yaowen,https://www.163.com/dy/article/H6521LE6051492T3.html,http://dingyue.ws.126.net/2022/0429/3012fec0j00rb3jmb004jc000xc00jqg.jpg,红星新闻,https://www.163.com/dy/article/H6521LE6051492T3.html
男子怀疑妻子出轨 偷装摄像头拍下妻子和姐夫偷情全程,yaowen,https://www.163.com/dy/article/H644B6TO0543MXIZ.html,http://cms-bucket.ws.126.net/2022/0429/dcbaa9d0p00rb3koa0022c000s600e3c.png,观潮史文W,https://www.163.com/dy/article/H644B6TO0543MXIZ.html
日本拟拉多国制裁俄罗斯  俄方一波操作把日本看傻眼,yaowen,https://www.163.com/dy/article/H6505CVD0543B4S9.html,http://cms-bucket.ws.126.net/2022/0429/c3d0d83ap00rb3jxi0068c000hs00bwc.png,国防时报看点,https://www.163.com/dy/article/H6505CVD0543B4S9.html
芬兰前首都将拆除列宁雕像 列宁是芬兰独立缔造者之一,yaowen,https://www.163.com/dy/article/H64RVQ4U0514R9OJ.html,http://dingyue.ws.126.net/2022/0429/617f072dj00rb3epx01d6c0035s02dcg.jpg,环球网资讯,https://www.163.com/dy/article/H64RVQ4U0514R9OJ.html
美高官：援乌是为在乌领土打击俄罗斯 还不会引火烧身,yaowen,https://www.163.com/v/video/VL577PLFE.html,http://videoimg.ws.126.net/cover/20220429/p3I6fRW5e_cover.jpg,观察者网,https://www.163.com/v/video/VL577PLFE.html
牛弹琴：俄罗斯被消耗但乌克兰最可怜 中国在斗智斗勇,yaowen,https://www.163.com/dy/article/H64VRKST052182V3.html,http://cms-bucket.ws.126.net/2022/0429/913886f8p00rb3iw800cgc000ic00c8c.png,牛弹琴,https://www.163.com/dy/article/H64VRKST052182V3.html
美雇佣兵在乌身亡 美官员：俄方会把美国人单独挑出来,yaowen,https://www.163.com/dy/article/H64TNVUE051481US.html,http://cms-bucket.ws.126.net/2022/0429/84537c82p00rb3if10110c000rs00iic.png,观察者网,https://www.163.com/dy/article/H64TNVUE051481US.html
28岁美貌少妇被奸杀在玉米地 真凶曝光让家属难以置信,yaowen,https://www.163.com/dy/article/H5UUFU5O0543MXIZ.html,http://cms-bucket.ws.126.net/2022/0429/18d18060p00rb3ig60017c000s600e3c.png,观潮史文W,https://www.163.com/dy/article/H5UUFU5O0543MXIZ.html
尹锡悦或请求文在寅特赦李明博 若赦免将于5月公布,yaowen,https://www.163.com/dy/article/H6504N9R051481US.html,http://cms-bucket.ws.126.net/2022/0429/5ceb5a7dp00rb3mcd004dc0009c0070c.png,观察者网,https://www.163.com/dy/article/H6504N9R051481US.html
37岁C罗世界级表演引发7万人狂欢 但曼联有新尴尬,yaowen,https://www.163.com/sports/article/H64OOH0Q00058781.html,http://cms-bucket.ws.126.net/2022/0429/0bfa6d99p00rb3h2m000hc0009c0070c.png,足球大会,https://www.163.com/sports/article/H64OOH0Q00058781.html
俄用无人机发现乌军阵地后 调来重型喷火系统饱和轰炸,yaowen,https://www.163.com/v/video/VG56P7KNR.html,http://videoimg.ws.126.net/cover/20220429/fd3jC5kBb_cover.jpg,时报新观察,https://www.163.com/v/video/VG56P7KNR.html
德国总理结束访日回国 专机运走纸尿裤等日本援乌物资,yaowen,https://www.163.com/dy/article/H64QNLQ00514R9OJ.html,http://cms-bucket.ws.126.net/2022/0429/4c212b6cp00rb3g3y00k6c000ku00fmc.png,环球网资讯,https://www.163.com/dy/article/H64QNLQ00514R9OJ.html
泽连斯基新言论令西方后怕 或引发普京的灾难性报复,yaowen,https://www.163.com/dy/article/H64Q97D30543B4S9.html,http://cms-bucket.ws.126.net/2022/0429/f67ea65ep00rb3fcq009dc000hs00a0c.png,国防时报看点,https://www.163.com/dy/article/H64Q97D30543B4S9.html
33岁妻子精力旺盛每日要求同房 1个月后丈夫崩溃了,yaowen,https://www.163.com/dy/article/H644IN5H0552ILVS.html,http://dingyue.ws.126.net/2022/0429/48f6d4a8j00rb3bdg000rd000ku00fmp.jpg,甜蜜的美好,https://www.163.com/dy/article/H644IN5H0552ILVS.html
亚速营全力反击俄军激战现场 投掷催泪瓦斯扫射火拼,yaowen,https://www.163.com/v/video/VT56SDJQ5.html,http://videoimg.ws.126.net/cover/20220429/9yUeHahjP_cover.jpg,星视频,https://www.163.com/v/video/VT56SDJQ5.html
北京新增本土确诊病例31例 本土无症状感染者3例,yaowen,https://www.163.com/news/article/H64S1AO00001899N.html,http://cms-bucket.ws.126.net/2022/0429/ed21deacp00rb3f2w00fmc000ic00drc.png,北京青年报-北京头条,https://www.163.com/news/article/H64S1AO00001899N.html
联合国秘书长现身基辅 与英国首相访乌时形成鲜明对比,yaowen,https://www.163.com/dy/article/H64N1M2M0550B6IS.html,http://cms-bucket.ws.126.net/2022/0429/0f4bf2b8p00rb3h9t002lc0009c0070c.png,大象新闻,https://www.163.com/dy/article/H64N1M2M0550B6IS.html
女星拍戏每晚都去男星房间接受＂手把手＂辅导 不久爆红,yaowen,https://www.163.com/dy/article/H64KN11V05527ABE.html,http://cms-bucket.ws.126.net/2022/0429/09e4e8a3p00rb3f250020c0009c0070c.png,牛皮贰娱,https://www.163.com/dy/article/H64KN11V05527ABE.html
两女子做34年闺蜜后突发奇想做DNA检测 发现是亲姐妹,yaowen,https://www.163.com/dy/article/H62EIJBF0535NC3L.html,http://cms-bucket.ws.126.net/2022/0429/e42cbb76p00rb3cnf0045c0009c0070c.png,文鉴,https://www.163.com/dy/article/H62EIJBF0535NC3L.html
欧美巨头出售俄石油资产：与中国接洽 印度想打折接盘,yaowen,https://www.163.com/dy/article/H64NM2B0051481US.html,http://cms-bucket.ws.126.net/2022/0429/5f4028b3p00rb3c4u008pc000hs00bvc.png,观察者网,https://www.163.com/dy/article/H64NM2B0051481US.html
中国女孩用三国解读俄乌战局 菲外长看了想送孙女来华,yaowen,https://www.163.com/v/video/VL56QRCOU.html,http://videoimg.ws.126.net/cover/20220429/lg3AnpIdw_cover.jpg,观察者网,https://www.163.com/v/video/VL56QRCOU.html
8位老戏骨晚节不保:有人71岁被曝约炮 有人与女徒厮混,yaowen,https://www.163.com/dy/article/H64BO1KL05521MK6.html,http://cms-bucket.ws.126.net/2022/0429/2e245bfep00rb38zu008ic0009c0070c.png,叶公子,https://www.163.com/dy/article/H64BO1KL05521MK6.html
被列入＂暗杀名单＂的最刚女记者 ＂单挑＂西方媒体巨头,yaowen,https://www.163.com/dy/article/H64LPS91051283GO.html,http://bjnewsrec-cv.ws.126.net/little4917797df4bj00rb39fk00scc000p400k2m.jpg,环球人物杂志,https://www.163.com/dy/article/H64LPS91051283GO.html
普京对联合国秘书长讲了一个理 还把西方绕进去了,yaowen,https://www.163.com/news/article/H63UCJKG00018AP2.html,http://cms-bucket.ws.126.net/2022/0429/c502fec4p00rb38lj00fwc000s600e3c.png,上观新闻,https://www.163.com/news/article/H63UCJKG00018AP2.html
美国代表访所＂发言毫不客气＂ 所总理向美国作出保证,yaowen,https://www.163.com/dy/article/H6495HR205504DP0.html,http://dingyue.ws.126.net/2022/0429/d93d3907j00rb2zha000pd000dc00a0p.jpg,环球时报评论,https://www.163.com/dy/article/H6495HR205504DP0.html
父亲淮海战役中牺牲 74年后女儿看剧意外看到父亲身影,yaowen,https://www.163.com/dy/article/H648S1OU0543MD1U.html,http://cms-bucket.ws.126.net/2022/0429/6da55b04p00rb37sp003ac0009c0070c.png,国学聚焦,https://www.163.com/dy/article/H648S1OU0543MD1U.html
中央政治局刚刚定调十大要点:信息量很大 A股港股飙涨,yaowen,https://www.163.com/news/article/H64JG2FE0001899O.html,http://cms-bucket.ws.126.net/2022/0429/45db6d18p00rb37u9003yc0009c0070c.png,中国基金报,https://www.163.com/news/article/H64JG2FE0001899O.html
俄官员称波兰＂正与美制定秘密计划吞并乌西＂ 波兰回应,yaowen,https://www.163.com/dy/article/H64IFK5M05504DPG.html,http://bjnewsrec-cv.ws.126.net/little618fa7dc232j00rb36zw000qc000hs00c1m.jpg,环球时报新闻,https://www.163.com/dy/article/H64IFK5M05504DPG.html
上海市委常委陈金山多了新职务 曾任重庆市副市长,yaowen,https://www.163.com/dy/article/H64H7RMF051482MP.html,http://cms-bucket.ws.126.net/2022/0429/42d3fd18p00rb37rv00a4c000s600e3c.png,政知新媒体,https://www.163.com/dy/article/H64H7RMF051482MP.html
哈国将废止《首任总统法》 纳扎尔巴耶夫失去多个特权,yaowen,https://www.163.com/dy/article/H64GQ8KA051481US.html,http://cms-bucket.ws.126.net/2022/0429/2c928e1ep00rb36ex00evc000s600e3c.png,观察者网,https://www.163.com/dy/article/H64GQ8KA051481US.html
俄飞行员从美国交换回国：被酷刑折磨 不想清醒过来,yaowen,https://www.163.com/dy/article/H649HAB80552DNJF.html,http://cms-bucket.ws.126.net/2022/0429/2246eed2p00rb35dv00evc000s600e3c.png,九派新闻,https://www.163.com/dy/article/H649HAB80552DNJF.html
陕西上官婉儿墓曾遭掘坟报复 墓中一物颠覆后人认知,yaowen,https://www.163.com/dy/article/H647JH0O0552PU2Y.html,http://cms-bucket.ws.126.net/2022/0429/f5c097e6p00rb33ca003rc0009c0070c.png,老君说史,https://www.163.com/dy/article/H647JH0O0552PU2Y.html
湖北一幼儿园被曝用过期食品 负责人：我可以东山再起,yaowen,https://www.163.com/dy/article/H62FU3PJ0534P59R.html,http://dingyue.ws.126.net/2022/0428/277ec2c2j00rb1p6t009cc0009x00hmc.jpg,潇湘晨报,https://www.163.com/dy/article/H62FU3PJ0534P59R.html
英国外相对中国发号施令 认为自身实力仍比中国强,yaowen,https://www.163.com/dy/article/H64FQGU00550A0OW.html,http://cms-bucket.ws.126.net/2022/0429/434c612fp00rb396y00gbc000s600e3c.png,新民周刊,https://www.163.com/dy/article/H64FQGU00550A0OW.html
NBA第一伪强队?爵士等待＂分尸＂ 谁要拿走＂双星＂快开价,yaowen,https://www.163.com/sports/article/H64E5OJP00059A81.html,http://cms-bucket.ws.126.net/2022/0429/0ec95e4ap00rb342e00qnc0009c0070c.png,后厂村体工队,https://www.163.com/sports/article/H64E5OJP00059A81.html
招行原行长田惠宇落马当天 招商局集团曾紧急召开会议,yaowen,https://www.163.com/dy/article/H64D0QCV0514BE2Q.html,http://bjnewsrec-cv.ws.126.net/little2235ba87796j00rb32l8007oc000i400cum.jpg,中国新闻周刊,https://www.163.com/dy/article/H64D0QCV0514BE2Q.html
俄上将向俄军授勋 双方头盔或装具上贴有苏联国旗,yaowen,https://www.163.com/dy/article/H64BV6O8051481US.html,http://cms-bucket.ws.126.net/2022/0429/a7bcd7c3p00rb33dc00wlc000s600e3c.png,观察者网,https://www.163.com/dy/article/H64BV6O8051481US.html
亚速钢铁厂遭不断轰炸正坍塌 地下空气混浊挤满伤兵,yaowen,https://www.163.com/v/video/VT56K35NI.html,http://videoimg.ws.126.net/cover/20220429/H9smS3izd_cover.jpg,星视频,https://www.163.com/v/video/VT56K35NI.html
亚速钢铁厂可能有一加拿大退役将军 联合国正试图营救,yaowen,https://www.163.com/dy/article/H649HPUM05504DOH.html,http://dingyue.ws.126.net/2022/0429/48ae2cd0j00rb2zsl0015d000e100ajp.jpg,环球时报军事,https://www.163.com/dy/article/H649HPUM05504DOH.html
少妇醉酒内衣被割开遭性侵 罪犯本想劫财:她太漂亮了,yaowen,https://www.163.com/dy/article/H648K8SU0550TA0M.html,http://cms-bucket.ws.126.net/2022/0429/298066c4p00rb311f004gc0009c0070c.png,法制播报,https://www.163.com/dy/article/H648K8SU0550TA0M.html
蓝翔校长女儿再发声：没受胁迫 不想看母亲继续犯罪,yaowen,https://www.163.com/dy/article/H6459PIH0550B6IS.html,http://bjnewsrec-cv.ws.126.net/little8384ed9371cj00rb2wd4000pc000hs0093g.jpg,大象新闻,https://www.163.com/dy/article/H6459PIH0550B6IS.html
乌克兰危机水很深 ＂美式忽悠＂在多国频频翻车,yaowen,https://www.163.com/dy/article/H641STUN0514R9OJ.html,http://cms-bucket.ws.126.net/2022/0429/4af73239p00rb30kr008ec000s600e3c.png,环球网资讯,https://www.163.com/dy/article/H641STUN0514R9OJ.html
200万粉丝主播直播低俗表演被举报 斗鱼:账号封禁5天,yaowen,https://www.163.com/dy/article/H62TLKG6051492T3.html,http://dingyue.ws.126.net/2022/0428/e86e79ffj00rb20ao008oc000n000btg.jpg,红星新闻,https://www.163.com/dy/article/H62TLKG6051492T3.html
上海服务员被错杀 父母当庭原谅凶手还将他认作儿子,yaowen,https://www.163.com/dy/article/H62KBKSM0535QECL.html,http://cms-bucket.ws.126.net/2022/0429/5f188cd8p00rb2yw0002hc0009c0070c.png,鉴绘,https://www.163.com/dy/article/H62KBKSM0535QECL.html
古特雷斯到访基辅会见泽连斯基：安理会完全失败了,yaowen,https://www.163.com/news/article/H648LQCJ00019B3E.html,http://cms-bucket.ws.126.net/2022/0429/6ea57111p00rb2z6b00roc000s600e3c.png,观察者网,https://www.163.com/news/article/H648LQCJ00019B3E.html
在车内待12小时北京感染者:1天没吃饭如厕 饿得不行了,yaowen,https://www.163.com/dy/article/H645S33505129QAF.html,http://dingyue.ws.126.net/2022/0429/01a7d030j00rb2wtr001ec000p800k1g.jpg,南方都市报,https://www.163.com/dy/article/H645S33505129QAF.html
7岁男孩独自推11岁姐姐看病:爸妈不要我们了 我养你,yaowen,https://www.163.com/dy/article/H61JHUK80523FEKV.html,http://cms-bucket.ws.126.net/2022/0429/043bbf81p00rb2wu20043c0009c0070c.png,历史揭秘档案,https://www.163.com/dy/article/H61JHUK80523FEKV.html
普京健康出问题？伸舌头咬嘴唇坐立不安 还面庞浮肿,yaowen,https://www.163.com/dy/article/H6420JDV0512830U.html,http://bjnewsrec-cv.ws.126.net/little317309cb22dj00rb2tp800zsd200u000gvg00it00ak.jpg,iWeekly周末画报,https://www.163.com/dy/article/H6420JDV0512830U.html
美军舰过航台海 若踩红线解放军反应或令美无法承受,yaowen,https://www.163.com/news/article/H643T9SL000189PS.html,http://cms-bucket.ws.126.net/2022/0429/37e376fdp00rb2vpa00b6c000s600e3c.png,央视军事,https://www.163.com/news/article/H643T9SL000189PS.html
云南夫妻突然暴富高调建别墅 警方蹲守3个月带走全家,yaowen,https://www.163.com/dy/article/H641OHL30550TA0M.html,http://cms-bucket.ws.126.net/2022/0429/8b98d7ddp00rb2uji00bbc0009c0070c.png,法制播报,https://www.163.com/dy/article/H641OHL30550TA0M.html
乌军大量消耗美国导弹 五角大楼盘算完就坐不住了,yaowen,https://www.163.com/dy/article/H6333E1Q0514R9OJ.html,http://cms-bucket.ws.126.net/2022/0429/9b73a2f8p00rb2u2f006ac000s600e3c.png,环球网资讯,https://www.163.com/dy/article/H6333E1Q0514R9OJ.html
欧盟将通过使用卢布支付的国家增加俄天然气进口,yaowen,https://www.163.com/dy/article/H62VRLT705504DPG.html,http://bjnewsrec-cv.ws.126.net/little90650d45e8cj00rb221c000yc000hs00bvm.jpg,环球时报新闻,https://www.163.com/dy/article/H62VRLT705504DPG.html
美国宣布日本将出席北约峰会 被解读为要求日本＂参战＂,yaowen,https://www.163.com/dy/article/H62FU6LT0514R9OJ.html,http://bjnewsrec-cv.ws.126.net/little19642a683cej00rb1p6t0012c000ka00eag.jpg,环球网资讯,https://www.163.com/dy/article/H62FU6LT0514R9OJ.html
英外交大臣对中国出言不逊 自认为能做美国掮客,yaowen,https://www.163.com/dy/article/H62U5S5L0514R9OJ.html,http://cms-bucket.ws.126.net/2022/0429/c489d3a0p00rb2q6f00fsc000s600e3c.png,环球网资讯,https://www.163.com/dy/article/H62U5S5L0514R9OJ.html
重庆厅官落马细节：和老板打麻将约定暗号＂学习文件＂,yaowen,https://www.163.com/dy/article/H63TKVTS0514R9OJ.html,http://cms-bucket.ws.126.net/2022/0429/0a2143c0p00rb2tek00acc000s600e3c.png,环球网资讯,https://www.163.com/dy/article/H63TKVTS0514R9OJ.html
俄方称美国波兰制定秘密计划 让后者重新控制乌西部,yaowen,https://www.163.com/dy/article/H6300QTV0514R9OJ.html,http://cms-bucket.ws.126.net/2022/0429/4bdae9cfp00rb2pfn004cc000s600e3c.png,环球网资讯,https://www.163.com/dy/article/H6300QTV0514R9OJ.html
新婚妻子半夜不睡总盯着丈夫傻笑 丈夫退彩礼:真的怕,yaowen,https://www.163.com/dy/article/H621LDM60535NC3L.html,http://cms-bucket.ws.126.net/2022/0429/8ee8e902p00rb2pc20040c0009c0070c.png,文鉴,https://www.163.com/dy/article/H621LDM60535NC3L.html
俄军突然发力发起猛攻 顿巴斯之战进入关键时期,yaowen,https://www.163.com/dy/article/H6333KAB0514R9OJ.html,http://cms-bucket.ws.126.net/2022/0429/97e03ba1p00rb2onz00lmc000s600e3c.png,环球网资讯,https://www.163.com/dy/article/H6333KAB0514R9OJ.html
德国和奥地利用卢布支付天然气 还是被俄罗斯拒绝了,yaowen,https://www.163.com/dy/article/H62U9RM9051481US.html,http://cms-bucket.ws.126.net/2022/0429/d47e834dp00rb2ogs0095c000s600e3c.png,观察者网,https://www.163.com/dy/article/H62U9RM9051481US.html
俄美＂特殊时期＂换囚 美方囚犯亲属:交换场景像电影,yaowen,https://www.163.com/dy/article/H62FBHUS051492T3.html,http://dingyue.ws.126.net/2022/0428/63fcfa6dj00rb1opz00p7c001g900u0c.jpg,红星新闻,https://www.163.com/dy/article/H62FBHUS051492T3.html
谌贻琴任贵州省委书记 系全国唯一一位女省委书记,yaowen,https://www.163.com/news/article/H62UMC6L0001899O.html,http://cms-bucket.ws.126.net/2022/0428/bd5b9441p00rb215w001dc0009c0070c.png,政知圈,https://www.163.com/news/article/H62UMC6L0001899O.html
台＂海巡署＂强登大陆采砂船 扣押10名船员连人带船押走,yaowen,https://www.163.com/dy/article/H62OPLSV051481US.html,http://dingyue.ws.126.net/2022/0428/e910f88fj00rb1wcr00nnc000tz00gkg.jpg,观察者网,https://www.163.com/dy/article/H62OPLSV051481US.html
日本作出前所未有动作 汪文斌质问:北约要搞乱亚太?,yaowen,https://www.163.com/news/article/H62SSFT90001899O.html,http://cms-bucket.ws.126.net/2022/0428/22ff05b5p00rb1zvp0029c0009c0070c.png,补壹刀,https://www.163.com/news/article/H62SSFT90001899O.html
外媒记者称警察不让他拍居民做核酸:其他人却在那拍照,yaowen,https://www.163.com/dy/article/H62RQDQG0514R9OJ.html,http://cms-bucket.ws.126.net/2022/0428/f8e9e458p00rb1zad004hc0009c0070c.png,环球网资讯,https://www.163.com/dy/article/H62RQDQG0514R9OJ.html
普京＂喉舌＂兼密友险遭6人暗杀 嫌犯当场供出乌安全局,yaowen,https://www.163.com/dy/article/H62LMUKF051283GO.html,http://cms-bucket.ws.126.net/2022/0428/f6bf1cf0p00rb1y2a005dc000s600e3c.png,环球人物杂志,https://www.163.com/dy/article/H62LMUKF051283GO.html
美卫星图片显示 俄部署军事海豚守卫黑海海军基地,yaowen,https://www.163.com/dy/article/H62G7420051492T3.html,http://cms-bucket.ws.126.net/2022/0428/dc858d49p00rb1yfm0040c0009c0070c.png,红星新闻,https://www.163.com/dy/article/H62G7420051492T3.html
