name,title,img_url
å¼ å¤§ä»™,èŠˆæœˆæ–°çš®è‚¤,"//live-cover.msstatic.com/huyalive/1259515661837-1259515661837-4682562792811659264-2519031447130-10057-A-0-1-imgplus/20210127205956.jpg?x-oss-process=image/resize,limit_0,m_fill,w_338,h_190/sharpen,80/format,jpg/interlace,1/quality,q_90"
å‰‘ä»™,å·…å³°èµ›å¿«ä¹ä¸Šåˆ†ï¼ï¼ï¼,"//live-cover.msstatic.com/huyalive/2380113905-2380113905-10222511382729850880-4760351266-10057-A-0-1/20210127205954.jpg?x-oss-process=image/resize,limit_0,m_fill,w_338,h_190/sharpen,80/format,jpg/interlace,1/quality,q_90"
DK-é˜¿æ¬¢,æ–°å·ç”¨ã€é©¬è¶…ã€‘7å¤©å†²å·…å³°å‰10,"//live-cover.msstatic.com/huyalive/1552929640-1552929640-6669782016789053440-3105982736-10057-A-0-1/20210127205929.jpg?x-oss-process=image/resize,limit_0,m_fill,w_338,h_190/sharpen,80/format,jpg/interlace,1/quality,q_90"
å¹¿å·TTGä¹å°¾,æ¢¦å¹»è”åŠ¨ å°¾å…½é˜Ÿå¤§æˆ˜æ¢¦ä¹‹é˜Ÿ,https://anchorpost.msstatic.com/cdnimage/anchorpost/1016/ff/071084058765cbc531901f00e76d88_2336_1611743067.jpg?imageview/4/0/w/338/h/190/blur/1
LING-åŒ—æ…•,TTGæ¢¦ä¹‹é˜Ÿå…­å°¾è¡¨æ¼”èµ›ï¼ï¼,"//live-cover.msstatic.com/huyalive/1706479145-1706479145-7329272119081041920-3413081746-10057-A-0-1/20210127210004.jpg?x-oss-process=image/resize,limit_0,m_fill,w_338,h_190/sharpen,80/format,jpg/interlace,1/quality,q_90"
å­¤å½±,å˜‰å¥–ç¯èŠ‚è¿˜æ˜¯åˆ†é”…ç¯èŠ‚ï¼Ÿ,"//live-cover.msstatic.com/huyalive/1757672727-1757672727-7549146879536136192-3515468910-10057-A-0-1-imgplus/20210127210003.jpg?x-oss-process=image/resize,limit_0,m_fill,w_338,h_190/sharpen,80/format,jpg/interlace,1/quality,q_90"
äº¿å‡¡-èµ–ç¥ã€,TTGvsæ¢¦ä¹‹é˜Ÿè¡¨æ¼”èµ›ï¼,"//live-cover.msstatic.com/huyalive/1680925919-1680925919-7219521849103745024-3361975294-10057-A-0-1-imgplus/20210127205956.jpg?x-oss-process=image/resize,limit_0,m_fill,w_338,h_190/sharpen,80/format,jpg/interlace,1/quality,q_90"
èœœå°æ¶›,æ’ä½è¡¨ç°åˆ†è¯¸è‘›ç¥,"//live-cover.msstatic.com/huyalive/2256155956-2256155956-9690116045695614976-4512435368-10057-A-0-1/20210127205941.jpg?x-oss-process=image/resize,limit_0,m_fill,w_338,h_190/sharpen,80/format,jpg/interlace,1/quality,q_90"
ä¸œè¾°-å°å¯çˆ±ã€ç’ç’ã€‘,å¼€å¼€å¿ƒå¿ƒæ‰“æ¸¸æˆ,"//live-cover.msstatic.com/huyalive/1831913250-1831913250-7868007497859072000-3663949956-10057-A-0-1/20210127205930.jpg?x-oss-process=image/resize,limit_0,m_fill,w_338,h_190/sharpen,80/format,jpg/interlace,1/quality,q_90"
æ­£æ’SD-ç«¥å­ã€150ã€‘,ã€æ•…äº‹ä¼šã€‘ä»Šæ—¥è°æ˜¯ä¸»è§’~,"//live-cover.msstatic.com/huyalive/1648744803-1648744803-7081305008334962688-3297613062-10057-A-0-1/20210127210000.jpg?x-oss-process=image/resize,limit_0,m_fill,w_338,h_190/sharpen,80/format,jpg/interlace,1/quality,q_90"
å…­å°¾ã€æ··å­ã€‘ä¸¶,TTG æ¢¦ä¹‹é˜Ÿè¡¨æ¼”èµ›,"//live-cover.msstatic.com/huyalive/2285403183-2285403183-9815731929159303168-4570929822-10057-A-0-1-imgplus-watermark/20210127205957.jpg?x-oss-process=image/resize,limit_0,m_fill,w_338,h_190/sharpen,80/format,jpg/interlace,1/quality,q_90"
ä¹…çˆ±-é¢„è§ã€å•å¾·åã€‘,å›½æœå•å¸ƒ å“ªå’è®¤çœŸå†²å›½1,"//live-cover.msstatic.com/huyalive/1354740567-1354740567-5818566429829496832-2709604590-10057-A-0-1/20210127205950.jpg?x-oss-process=image/resize,limit_0,m_fill,w_338,h_190/sharpen,80/format,jpg/interlace,1/quality,q_90"
å—é”‹-æŸ’æŸ’ã€æ„Ÿæ©é™ªä¼´ã€‘,å®‰å¾½å°å§å§åœ¨çº¿å¸¦ç²‰ä¸Šåˆ†å¦‚å–æ°´ï¼ˆæœ‰è½¦ä½ï¼‰,"//live-cover.msstatic.com/huyalive/1849718210-1849718210-7944479218765660160-3699559876-10057-A-0-1/20210127205930.jpg?x-oss-process=image/resize,limit_0,m_fill,w_338,h_190/sharpen,80/format,jpg/interlace,1/quality,q_90"
éŸ©æ¶µTuT,S22éŸ©å“¥ç‹è€…å½’æ¥,"//live-cover.msstatic.com/huyalive/1827824615-1827824615-7850446944248791040-3655772686-10057-A-0-1/20210127205952.jpg?x-oss-process=image/resize,limit_0,m_fill,w_338,h_190/sharpen,80/format,jpg/interlace,1/quality,q_90"
Dae-è‰è“,è‹±é›„ä½ é€‰è¾“äº†å«babaé€52,"//live-cover.msstatic.com/huyalive/1343892671-1343892671-5771975071279087616-2687908798-10057-A-0-1/20210127205955.jpg?x-oss-process=image/resize,limit_0,m_fill,w_338,h_190/sharpen,80/format,jpg/interlace,1/quality,q_90"
å¯æ°OoO,å·…å³°2122å…¨å›½ç¬¬3å†²ç¬¬1,"//live-cover.msstatic.com/huyalive/1199512562348-1199512562348-5225629860856070144-2399025248152-10057-A-0-1/20210127205954.jpg?x-oss-process=image/resize,limit_0,m_fill,w_338,h_190/sharpen,80/format,jpg/interlace,1/quality,q_90"
LING-é™Œè¾°,2.33Wæˆ˜åŠ›æ›¹æ“å·…å³°å†²ç¬¬ä¸€,"//live-cover.msstatic.com/huyalive/64308754-64308754-276203995276509184-128740964-10057-A-0-1/20210127205949.jpg?x-oss-process=image/resize,limit_0,m_fill,w_338,h_190/sharpen,80/format,jpg/interlace,1/quality,q_90"
LING-æ ‘å¶,æ¬¢è¿æ¥åˆ°å¯¹æŠ—è·¯,"//live-cover.msstatic.com/huyalive/1610145122-1610145122-6915520640803930112-3220413700-10057-A-0-1/20210127205952.jpg?x-oss-process=image/resize,limit_0,m_fill,w_338,h_190/sharpen,80/format,jpg/interlace,1/quality,q_90"
LING-å¼ è€ä¸‰,2.2Wè²‚è‰.QQå†²å·…å³°å‰10!,"//live-cover.msstatic.com/huyalive/1356299405-1356299405-5825261588059258880-2712722266-10057-A-0-1/20210127205959.jpg?x-oss-process=image/resize,limit_0,m_fill,w_338,h_190/sharpen,80/format,jpg/interlace,1/quality,q_90"
æ™¯ç§€-ä¸€ç¬‘,è§£è¯´æ¢¦ä¹‹é˜ŸVSTTGæ··åˆBO3,"//live-cover.msstatic.com/huyalive/1610847180-1610847180-6918535956953825280-3221817816-10057-A-0-1/20210127205952.jpg?x-oss-process=image/resize,limit_0,m_fill,w_338,h_190/sharpen,80/format,jpg/interlace,1/quality,q_90"
ä¹…çˆ±-å°äºˆç¥ã€çŸ›ç¥ã€‘,ä¸‡åœºå›½æœé©¬è¶…ç‹è€…å±€ä¹±æ€æ•™å­¦,"//live-cover.msstatic.com/huyalive/1852594244-1852594244-7956831690737844224-3705311944-10057-A-0-1/20210127205955.jpg?x-oss-process=image/resize,limit_0,m_fill,w_338,h_190/sharpen,80/format,jpg/interlace,1/quality,q_90"
ç™½ç‰,æ„Ÿè°¢å°é»‘å“¥é¼ç«‹æ”¯æŒå¸¦ç²‰,"//live-cover.msstatic.com/huyalive/1375051653-1375051653-5905801879945740288-2750226762-10057-A-0-1/20210127205948.jpg?x-oss-process=image/resize,limit_0,m_fill,w_338,h_190/sharpen,80/format,jpg/interlace,1/quality,q_90"
è¯ºç±³-æ¾ˆæ¾ˆ,ç¬¬ä¸€ç”µåˆ€æä¿¡Â·å·…å³°èµ›ä¹±æ’’,"//live-cover.msstatic.com/huyalive/2350069863-2350069863-10093473204900200448-4700263182-10057-A-0-1/20210127205958.jpg?x-oss-process=image/resize,limit_0,m_fill,w_338,h_190/sharpen,80/format,jpg/interlace,1/quality,q_90"
LING-å¤å±¿ã€äºŒè›‹ã€‘,TTGæ¢¦ä¹‹é˜Ÿå…­å°¾è¡¨æ¼”èµ›,"//live-cover.msstatic.com/huyalive/1199515791421-1199515791421-5239498623787466752-2399031706298-10057-A-0-1-imgplus/20210127205959.jpg?x-oss-process=image/resize,limit_0,m_fill,w_338,h_190/sharpen,80/format,jpg/interlace,1/quality,q_90"
QGHurt,ä»Šå¤©å·…å³°è¦ä¸Šå‰å,https://anchorpost.msstatic.com/cdnimage/anchorpost/1049/58/cdd99602b4c9738d99907f090d2031_2336_1610951689.jpg?imageview/4/0/w/338/h/190/blur/1
Dae-å©·å°å§,1314åŠ é€Ÿå™¨å¡çˆ·~8.30å…¬ä¼šæˆ˜,"//live-cover.msstatic.com/huyalive/1490169117-1490169117-6400227623024197632-2980461690-10057-A-0-1/20210127210007.jpg?x-oss-process=image/resize,limit_0,m_fill,w_338,h_190/sharpen,80/format,jpg/interlace,1/quality,q_90"
è¯ºç±³-å°èˆå§¬ã€577ã€‘,4å€è¶…ç²‰æ—¥-è·³å´´è„šçš„å›½æœè²‚è‰-,"//live-cover.msstatic.com/huyalive/1574585588-1574585588-6762793605212930048-3149294632-10057-A-0-1-watermark/20210127205954.jpg?x-oss-process=image/resize,limit_0,m_fill,w_338,h_190/sharpen,80/format,jpg/interlace,1/quality,q_90"
è“æ–°-è›‹æ€»,èŒä¸šè²‚è‰ å·…å³°èµ›èŠ±å¼ç§€,"//live-cover.msstatic.com/huyalive/2370865848-2370865848-10182791280363307008-4741855152-10057-A-0-1/20210127205955.jpg?x-oss-process=image/resize,limit_0,m_fill,w_338,h_190/sharpen,80/format,jpg/interlace,1/quality,q_90"
æ­£æ’-æ„¿æœ›,"ä¸‡åœºè€å¦²å·±,é«˜æ‰‹çš„æ‰“æ³•","//live-cover.msstatic.com/huyalive/99615733-99615733-427846315402067968-199354922-10057-A-0-1/20210127205951.jpg?x-oss-process=image/resize,limit_0,m_fill,w_338,h_190/sharpen,80/format,jpg/interlace,1/quality,q_90"
æ­£æ’ä¸¶å¤•é˜³,ç¬¬ä¸€æç™½ï¼Œå•æ’ç»†èŠ‚å’ŒèŠ‚å¥æ•™å­¦~,"//live-cover.msstatic.com/huyalive/135581125-135581125-582316497829888000-271285706-10057-A-0-1-watermark/20210127205956.jpg?x-oss-process=image/resize,limit_0,m_fill,w_338,h_190/sharpen,80/format,jpg/interlace,1/quality,q_90"
æ°ç‘,é¡¶å°–å°„æ‰‹2045å†²å·…å³°ç¬¬ä¸€,"//live-cover.msstatic.com/huyalive/2393875200-2393875200-10281615694705459200-4787873856-10057-A-0-1/20210127205949.jpg?x-oss-process=image/resize,limit_0,m_fill,w_338,h_190/sharpen,80/format,jpg/interlace,1/quality,q_90"
æ¢¦é£å¤§å¤§,å›½4å¸ç©ºéœ‡ï¼ŒQåŒºå†²å‰åï¼,"//live-cover.msstatic.com/huyalive/15887954-15887954-68238242830352384-31899364-10057-A-0-1-imgplus/20210127205955.jpg?x-oss-process=image/resize,limit_0,m_fill,w_338,h_190/sharpen,80/format,jpg/interlace,1/quality,q_90"
è¯ºç±³-é˜¿è±,ä¸–ç•Œçº§æ‰“é‡ å¸¦ç²‰ä¹±æ€,"//live-cover.msstatic.com/huyalive/1402405258-1402405258-6023284718848442368-2804933972-10057-A-0-1/20210127205944.jpg?x-oss-process=image/resize,limit_0,m_fill,w_338,h_190/sharpen,80/format,jpg/interlace,1/quality,q_90"
æ­£æ’-ç´«å®¸ã€ç›¸å£°æœ¨å…°ã€‘,2wåˆ†èŠ±æœ¨å…°ï¼Œå·…å³°èµ›ä¸Šå¤§åˆ†ï¼,"//live-cover.msstatic.com/huyalive/1069843731-1069843731-4594943836475621376-2139810918-10057-A-0-1/20210127210005.jpg?x-oss-process=image/resize,limit_0,m_fill,w_338,h_190/sharpen,80/format,jpg/interlace,1/quality,q_90"
ä¼—ä¹-å¥‡é‡å´½,ã€ç‹‚æš´æµè²‚è‰ã€‘å•æ’æ‰“å›½æœè¡¨ç°åˆ†,"//live-cover.msstatic.com/huyalive/1638819817-1638819817-7038677518051704832-3277763090-10057-A-0-1/20210127205949.jpg?x-oss-process=image/resize,limit_0,m_fill,w_338,h_190/sharpen,80/format,jpg/interlace,1/quality,q_90"
æ­£æ’-Popå°ä»”,é£ä»è™ï¼Œäº‘ä»é¾™ï¼Œé£äº‘å½°æ˜¾çœŸè‹±é›„ï¼,"//live-cover.msstatic.com/huyalive/1205400960-1205400960-5177157701767004160-2410925376-10057-A-0-1-imgplus/20210127205954.jpg?x-oss-process=image/resize,limit_0,m_fill,w_338,h_190/sharpen,80/format,jpg/interlace,1/quality,q_90"
å¹¿å·TTGæ˜“ç³,å°¾å…½å¤§æˆ˜æ¢¦ä¹‹é˜Ÿ,https://anchorpost.msstatic.com/cdnimage/anchorpost/1053/90/a8a79c55e951df04d88bb55926942c_2336_1611743115.jpg?imageview/4/0/w/338/h/190/blur/1
éå‡¡-å¤§é¾™,å¸¦ç²‰200è¿èƒœç¬¬ä¸€è¯¸è‘›,"//live-cover.msstatic.com/huyalive/1672115928-1672115928-7181683225880690688-3344355312-10057-A-0-1/20210127205949.jpg?x-oss-process=image/resize,limit_0,m_fill,w_338,h_190/sharpen,80/format,jpg/interlace,1/quality,q_90"
LD-ç±³å¨…,ã€ç¬¬ä¸€å¥³æ³•ç‹ã€‘åœ¨çº¿å¸¦ç²‰ä¹±æ€,"//live-cover.msstatic.com/huyalive/1744676127-1744676127-7493326907576942592-3489475710-10057-A-0-1/20210127210003.jpg?x-oss-process=image/resize,limit_0,m_fill,w_338,h_190/sharpen,80/format,jpg/interlace,1/quality,q_90"
çš®é‹,å›½æœéŸ©ä¿¡åŒåŒºå¸¦ç²‰æœªå°è´¥ç»©,"//live-cover.msstatic.com/huyalive/92764069-92764069-398418642598887424-185651594-10057-A-0-1/20210127205956.jpg?x-oss-process=image/resize,limit_0,m_fill,w_338,h_190/sharpen,80/format,jpg/interlace,1/quality,q_90"
ä¹…çˆ±-åˆçˆ±ã€é‡ç”Ÿã€‘,é’ç¥¨æªåŒ…è£è€€2æ‹–3å›½æœé©¬è¶…äº”æ’å¸¦ç²‰ä¹±æ€,"//live-cover.msstatic.com/huyalive/2300058123-2300058123-9878674417184145408-4600239702-10057-A-0-1/20210127205946.jpg?x-oss-process=image/resize,limit_0,m_fill,w_338,h_190/sharpen,80/format,jpg/interlace,1/quality,q_90"
æ­£æ’ä¸¶2ç‹—,è¦æ¸©æŸ”ï¼Œä¹Ÿè¦æœ‰å± é¾™çš„å‹‡æ°”,"https://tx-live-cover.msstatic.com/huyalive/1046860592-1046860592-4496232006111199232-2093844640-10057-A-0-1/20210127205941.jpg?sign=fttkHxORmHMNHm8vdEwHeY9dK9phPTEyNTM0OTg3MDEmaz1BS0lEeG56NjRXQTU3eGQ4VUVxVXlIT0tuQUxRTEN1UkN6NTUmZT0xNjI3MzA0MzgxJnQ9MTYxMTc1MjM4MSZyPTEyMzQ1Njc4JmY9L2h1eWFsaXZlLzEwNDY4NjA1OTItMTA0Njg2MDU5Mi00NDk2MjMyMDA2MTExMTk5MjMyLTIwOTM4NDQ2NDAtMTAwNTctQS0wLTEvMjAyMTAxMjcyMDU5NDEuanBnJmI9aHV5YS1zY3JlZW5zaG90cy1yZXZpZXctMTI1MzQ5ODcwMQ==&x-oss-process=image/resize,limit_0,m_fill,w_338,h_190/sharpen,80/format,jpg/interlace,1/quality,q_90"
AzZä¸¶é¡ºå„¿,ã€‚,"//live-cover.msstatic.com/huyalive/2317873094-2317873094-9955189135008333824-4635869644-10057-A-0-1/20210127210001.jpg?x-oss-process=image/resize,limit_0,m_fill,w_338,h_190/sharpen,80/format,jpg/interlace,1/quality,q_90"
ä¹…å¸-å°è™ç‰™,"å˜˜,ç›´æ’­å•¦","//live-cover.msstatic.com/huyalive/1446750313-1446750313-6213745279812763648-2893624082-10057-A-0-1/20210127205955.jpg?x-oss-process=image/resize,limit_0,m_fill,w_338,h_190/sharpen,80/format,jpg/interlace,1/quality,q_90"
å¤©çº¿äºŒå®,å¿«æ¥è·ŸäºŒå®ä¸€èµ·æ‹”èåœã€‚,"//live-cover.msstatic.com/huyalive/1199521098418-1199521098418-5262292002342436864-2399042320292-10057-A-0-1/20210127205953.jpg?x-oss-process=image/resize,limit_0,m_fill,w_338,h_190/sharpen,80/format,jpg/interlace,1/quality,q_90"
Dae-ä¹ç‘¾,ä¸­å•FWç‹è€…å±€ä¹±S,"//live-cover.msstatic.com/huyalive/2399113093-2399113093-10304112273840406528-4798349642-10057-A-0-1/20210127205956.jpg?x-oss-process=image/resize,limit_0,m_fill,w_338,h_190/sharpen,80/format,jpg/interlace,1/quality,q_90"
å·…å³°-é¬¼å²›ã€ä¸‰æŒ‡ç„ç­–ã€‘,å›½ä¸€ä¸‰æŒ‡ç„ç­–é­”æ³•ä¹¦ä¸Šè½¦äº”æ’å¸¦ç²‰ä¸Šç‹è€…,"//live-cover.msstatic.com/huyalive/1680831846-1680831846-7219117808645308416-3361787148-10057-A-0-1/20210127205958.jpg?x-oss-process=image/resize,limit_0,m_fill,w_338,h_190/sharpen,80/format,jpg/interlace,1/quality,q_90"
å®‡ç¥ã€æ„Ÿè°¢æ£®å“¥ã€‘,å›½1é›…å…¸å¨œ99èƒœç‡å¸¦ç²‰å¾®ä¿¡åŒºè¿èƒœä¹±æ€,"//live-cover.msstatic.com/huyalive/1199523584167-1199523584167-5272968213003501568-2399047291790-10057-A-0-1/20210127205959.jpg?x-oss-process=image/resize,limit_0,m_fill,w_338,h_190/sharpen,80/format,jpg/interlace,1/quality,q_90"
ä¹…å¸-Dier,æ¹–åŒ—å°å§å§å¸¦ç²‰,"//live-cover.msstatic.com/huyalive/2209351238-2209351238-9489091312587112448-4418825932-10057-A-0-1/20210127205947.jpg?x-oss-process=image/resize,limit_0,m_fill,w_338,h_190/sharpen,80/format,jpg/interlace,1/quality,q_90"
è“æ–°-å¹»å¢ƒ,å›½æœé©¬è¶…qåŒºå¸¦ç²‰æœ‰è½¦ä½ï¼æ„Ÿè°¢å®è´çš„ä¸‡å…ƒæ¦œ,"//live-cover.msstatic.com/huyalive/1199558515735-1199558515735-5422998155161501696-2399117154926-10057-A-0-1/20210127205957.jpg?x-oss-process=image/resize,limit_0,m_fill,w_338,h_190/sharpen,80/format,jpg/interlace,1/quality,q_90"
çªå®,æƒ³è¦åŠ é€Ÿå™¨å’Œç³–è±†è½¦ğŸš—,"//live-cover.msstatic.com/huyalive/1299516414931-1299516414931-10463792483526508544-2599032953318-10057-A-0-1/20210127205959.jpg?x-oss-process=image/resize,limit_0,m_fill,w_338,h_190/sharpen,80/format,jpg/interlace,1/quality,q_90"
QGå¦–åˆ€,åˆ€ï¼šå·…å³°èµ›å†²ç¬¬ä¸€,https://anchorpost.msstatic.com/cdnimage/anchorpost/1020/12/e74fcc9102d9945c1f596d7765e87b_2336_1610951742.jpg?imageview/4/0/w/338/h/190/blur/1
å‘†å‘†ã€æ¾œæœ‹å‹ã€‘,ã€å›½æœé©¬è¶…ã€‘å·…å³°èµ›1947å†²ç¬¬ä¸€,"//live-cover.msstatic.com/huyalive/1591942650-1591942650-6837341618857574400-3184008756-10057-A-0-1/20210127205951.jpg?x-oss-process=image/resize,limit_0,m_fill,w_338,h_190/sharpen,80/format,jpg/interlace,1/quality,q_90"
Dae-å°†ç‹,å›½ä¸€é²ç­å†²å·…å³°èµ›ç¬¬ä¸€ï¼å•å£ç›¸å£°,"//live-cover.msstatic.com/huyalive/2337957882-2337957882-10041452642615427072-4676039220-10057-A-0-1/20210127205957.jpg?x-oss-process=image/resize,limit_0,m_fill,w_338,h_190/sharpen,80/format,jpg/interlace,1/quality,q_90"
éå‡¡-å¤•ç ”,å¥³éœ²å¨œ,"//live-cover.msstatic.com/huyalive/2196542488-2196542488-9434078150234472448-4393208432-10057-A-0-1/20210127205945.jpg?x-oss-process=image/resize,limit_0,m_fill,w_338,h_190/sharpen,80/format,jpg/interlace,1/quality,q_90"
ç—…å¨‡å…”,æ„Ÿè°¢å½±å“¥39ä¸ªæœˆå®ˆæŠ¤ï¼ç‰›Xï¼,"//live-cover.msstatic.com/huyalive/9068032-9068032-38946900879081472-18259520-10057-A-0-1/20210127205958.jpg?x-oss-process=image/resize,limit_0,m_fill,w_338,h_190/sharpen,80/format,jpg/interlace,1/quality,q_90"
éå‡¡-å‘¨å‘¨,å›½ä¸€éœ²å¨œé­”æ³•ä¹¦ä¸Šè½¦å¸¦ç²‰ä¹±æ€,"//live-cover.msstatic.com/huyalive/1640143607-1640143607-7044363152808476672-3280410670-10057-A-0-1/20210127205957.jpg?x-oss-process=image/resize,limit_0,m_fill,w_338,h_190/sharpen,80/format,jpg/interlace,1/quality,q_90"
Dae-è°è°,ç‹è€…å¸¦ç²‰ å…«ç‚¹å…¬ä¼šæˆ˜å…„å¼ŸèŒæ‰“å›¢äº†æ‰“å›¢äº†,"//live-cover.msstatic.com/huyalive/803612304-803612304-3451488564343209984-1607348064-10057-A-0-1/20210127205957.jpg?x-oss-process=image/resize,limit_0,m_fill,w_338,h_190/sharpen,80/format,jpg/interlace,1/quality,q_90"
éšé£pro,é‡ç‹å›½ä¸€æç™½1900å·…å³°èµ›ï¼,"//live-cover.msstatic.com/huyalive/1799877479-1799877479-7730414909111926784-3599878414-10057-A-0-1/20210127210004.jpg?x-oss-process=image/resize,limit_0,m_fill,w_338,h_190/sharpen,80/format,jpg/interlace,1/quality,q_90"
LD-å°ç‚,å¦²å·±çš„ç¥ä¸‰å›½æœå†²ç¬¬å››ä¸ª,"//live-cover.msstatic.com/huyalive/1830004985-1830004985-7859811562091970560-3660133426-10057-A-0-1-watermark/20210127205955.jpg?x-oss-process=image/resize,limit_0,m_fill,w_338,h_190/sharpen,80/format,jpg/interlace,1/quality,q_90"
LING-å®ˆç€å¥¹,TTGæ¢¦ä¹‹é˜Ÿå…­å°¾è¡¨æ¼”èµ›,"//live-cover.msstatic.com/huyalive/1279519933566-1279519933566-16813279354325827584-2559039990588-10057-A-0-1/20210127205954.jpg?x-oss-process=image/resize,limit_0,m_fill,w_338,h_190/sharpen,80/format,jpg/interlace,1/quality,q_90"
æ˜Ÿè¾°-åˆ˜å¤‡,å›½æœåˆ˜å¤‡å¸¦ç²‰å–·é’ç¥¨ä¸Šç‹è€…,"//live-cover.msstatic.com/huyalive/7258227-7258227-31173847591944192-14639910-10057-A-0-1/20210127205946.jpg?x-oss-process=image/resize,limit_0,m_fill,w_338,h_190/sharpen,80/format,jpg/interlace,1/quality,q_90"
è‹±è¾¾ã€é•œå¯¼å¸ˆã€‘,å›½æœé•œ é‡‘ç‰Œæ•™å­¦ å¸¦ç²‰è¿èƒœä¸­ èƒœç‡95%,"//live-cover.msstatic.com/huyalive/1672679231-1672679231-7184102593843429376-3345481918-10057-A-0-1/20210127205959.jpg?x-oss-process=image/resize,limit_0,m_fill,w_338,h_190/sharpen,80/format,jpg/interlace,1/quality,q_90"
è¯ºç±³-å¤§æ‹¿,æ”»é€Ÿæµå¤ä¾¯æƒ‡Â·å·…å³°èµ›å†²å›½æœ,"//live-cover.msstatic.com/huyalive/1199514054705-1199514054705-5232039485365026816-2399028232866-10057-A-0-1/20210127205951.jpg?x-oss-process=image/resize,limit_0,m_fill,w_338,h_190/sharpen,80/format,jpg/interlace,1/quality,q_90"
éœ¸é“Max,å›½æ ‡èµµäº‘ï¼Œ1919å·…å³°ï¼å†²å‰åï¼,"//live-cover.msstatic.com/huyalive/1299518406802-1299518406802-10472347504329359360-2599036937060-10057-A-0-1/20210127205947.jpg?x-oss-process=image/resize,limit_0,m_fill,w_338,h_190/sharpen,80/format,jpg/interlace,1/quality,q_90"
ä¼—ä¹-å¿µé’ã€ä¸‰æŒ‡è¾¹ç¼˜ã€‘,æœ€å¼ºéŸ©ä¿¡ QåŒºå·…å³°èµ›ç»†èŠ‚å±€,"//live-cover.msstatic.com/huyalive/2331134035-2331134035-10012144442917519360-4662391526-10057-A-0-1/20210127210005.jpg?x-oss-process=image/resize,limit_0,m_fill,w_338,h_190/sharpen,80/format,jpg/interlace,1/quality,q_90"
æ­£æ’ã€é˜¿åº“å¨…,è¶…å¼ºå¸é©¬æ‡¿ï¼Œçœ‹è¿‡éƒ½å–Šå‡¶ï¼,"//live-cover.msstatic.com/huyalive/1786192530-1786192530-7671638500709498880-3572508516-10057-A-0-1/20210127210002.jpg?x-oss-process=image/resize,limit_0,m_fill,w_338,h_190/sharpen,80/format,jpg/interlace,1/quality,q_90"
AzZä¸¶å°è’œ,å›½1é²ç­ å·…å³°èµ›å†²å‰10,"//live-cover.msstatic.com/huyalive/1831543444-1831543444-7866419193183207424-3663210344-10057-A-0-1/20210127205951.jpg?x-oss-process=image/resize,limit_0,m_fill,w_338,h_190/sharpen,80/format,jpg/interlace,1/quality,q_90"
è“æ–°-å¤™ä¸€ã€æå¯Œè´µã€‘,å³¡è°·é¢œå€¼ç¬¬ä¸€éœ²å¨œè¿›æ¥èµå¿ƒæ‚¦ç›®å¸¦ç²‰,"https://tx-live-cover.msstatic.com/huyalive/1722997396-1722997396-7400217466913161216-3446118248-10057-A-0-1/20210127205953.jpg?sign=lYfVW/KZXdTnQLX5YxsmbDUO1PBhPTEyNTM0OTg3MDEmaz1BS0lEeG56NjRXQTU3eGQ4VUVxVXlIT0tuQUxRTEN1UkN6NTUmZT0xNjI3MzA0Mzk0JnQ9MTYxMTc1MjM5NCZyPTEyMzQ1Njc4JmY9L2h1eWFsaXZlLzE3MjI5OTczOTYtMTcyMjk5NzM5Ni03NDAwMjE3NDY2OTEzMTYxMjE2LTM0NDYxMTgyNDgtMTAwNTctQS0wLTEvMjAyMTAxMjcyMDU5NTMuanBnJmI9aHV5YS1zY3JlZW5zaG90cy1yZXZpZXctMTI1MzQ5ODcwMQ==&x-oss-process=image/resize,limit_0,m_fill,w_338,h_190/sharpen,80/format,jpg/interlace,1/quality,q_90"
Sky-æ€ªå’–,éœ²éœ²æ¾œæœ‹å‹å¸¦ç²‰VX90èƒœç‡,"//live-cover.msstatic.com/huyalive/1251948719-1251948719-5377078804374093824-2504020894-10057-A-0-1/20210127205951.jpg?x-oss-process=image/resize,limit_0,m_fill,w_338,h_190/sharpen,80/format,jpg/interlace,1/quality,q_90"
MHä¸¶å†°æ©™,æ­å–œè½»çƒŸï¼ŒçŸ³å¤´å‡è“ç®¡å¤§å¤§,"//live-cover.msstatic.com/huyalive/1843690634-1843690634-7918590976971505664-3687504724-10057-A-0-1/20210127205955.jpg?x-oss-process=image/resize,limit_0,m_fill,w_338,h_190/sharpen,80/format,jpg/interlace,1/quality,q_90"
ä¼—ä¹-éœ²éœ²é…±,æœ€çŒ›å¥³è¾¹è·¯ å†²å†²å†²ï¼,"//live-cover.msstatic.com/huyalive/1854875156-1854875156-7966628133182898176-3709873768-10057-A-0-1/20210127205948.jpg?x-oss-process=image/resize,limit_0,m_fill,w_338,h_190/sharpen,80/format,jpg/interlace,1/quality,q_90"
è¯ºç±³-ä¸ƒé¹¿,å›½ä¸€æ¾œéœ²å¨œé­”æ³•ä¹¦å¸¦ç²‰ç§’ä¸Šå·æœ‰ä½,"https://tx-live-cover.msstatic.com/huyalive/1199563815689-1199563815689-5445761284261806080-2399127754834-10057-A-0-1/20210127205951.jpg?sign=ZMc4vnXDpXqkbeQAPMfXcy/gcqxhPTEyNTM0OTg3MDEmaz1BS0lEeG56NjRXQTU3eGQ4VUVxVXlIT0tuQUxRTEN1UkN6NTUmZT0xNjI3MzA0MzkyJnQ9MTYxMTc1MjM5MiZyPTEyMzQ1Njc4JmY9L2h1eWFsaXZlLzExOTk1NjM4MTU2ODktMTE5OTU2MzgxNTY4OS01NDQ1NzYxMjg0MjYxODA2MDgwLTIzOTkxMjc3NTQ4MzQtMTAwNTctQS0wLTEvMjAyMTAxMjcyMDU5NTEuanBnJmI9aHV5YS1zY3JlZW5zaG90cy1yZXZpZXctMTI1MzQ5ODcwMQ==&x-oss-process=image/resize,limit_0,m_fill,w_338,h_190/sharpen,80/format,jpg/interlace,1/quality,q_90"
çº¢è±†è±†è±†è±†ã€,ç¬¬ä¸€å©‰å„¿ï¼Œ7å¤©å†²å›½æœ,"//live-cover.msstatic.com/huyalive/1720487950-1720487950-7389439478412083200-3441099356-10057-A-0-1/20210127205958.jpg?x-oss-process=image/resize,limit_0,m_fill,w_338,h_190/sharpen,80/format,jpg/interlace,1/quality,q_90"
æ­£æ’ä¸¶å°å‡¡,å·…å³°èµ›ï¼,"//live-cover.msstatic.com/huyalive/1711369746-1711369746-7350277090433826816-3422862948-10057-A-0-1/20210127205958.jpg?x-oss-process=image/resize,limit_0,m_fill,w_338,h_190/sharpen,80/format,jpg/interlace,1/quality,q_90"
æ­£æ’ä¸¶è´å¿,ä¸‰æŒ‡å›½æœæä¿¡å¯ä¸Šè½¦,"//live-cover.msstatic.com/huyalive/1279522316767-1279522316767-16823515124680622080-2559044756990-10057-A-0-1/20210127210005.jpg?x-oss-process=image/resize,limit_0,m_fill,w_338,h_190/sharpen,80/format,jpg/interlace,1/quality,q_90"
æœ‰æ°§-ç†ŠçŒ«,ä»Šæ—¥å››å€ï¼Œæ­å–œåŒ—é‡å“¥26çº§å¤§ç‰Œç‰Œ,"//live-cover.msstatic.com/huyalive/2252583072-2252583072-9674770625763213312-4505289600-10057-A-0-1/20210127210007.jpg?x-oss-process=image/resize,limit_0,m_fill,w_338,h_190/sharpen,80/format,jpg/interlace,1/quality,q_90"
æœ‰æ°§-æ–œé˜³,å›½ä¸€çŒ´ç¥ç³»å›½æœ-å·…å³°1800æ‰“ä¸€å°æ—¶ç³»æ•°,"//live-cover.msstatic.com/huyalive/1259517692680-1259517692680-4691285197079969792-2519035508816-10057-A-0-1/20210127205954.jpg?x-oss-process=image/resize,limit_0,m_fill,w_338,h_190/sharpen,80/format,jpg/interlace,1/quality,q_90"
æµå¹´-æ‰§å¿µã€ã€291ã€‘,å›½ä¸€å…¸éŸ¦ã€å›½æœå·ä¸€æ‰“ä¹ã€‘9ç‚¹å·¥ä¼šæˆ˜æ±‚åŠ©åŠ›,"//live-cover.msstatic.com/huyalive/1522145199-1522145199-6537563849468411904-3044413854-10057-A-0-1/20210127205959.jpg?x-oss-process=image/resize,limit_0,m_fill,w_338,h_190/sharpen,80/format,jpg/interlace,1/quality,q_90"
ä¸œè¾°-å°å°¾å·´,å¼€å®ç®±æ‹¿è¶…ç²‰å•Šï¼,"//live-cover.msstatic.com/huyalive/885740095-885740095-3804224740780933120-1771603646-10057-A-0-1/20210127210001.jpg?x-oss-process=image/resize,limit_0,m_fill,w_338,h_190/sharpen,80/format,jpg/interlace,1/quality,q_90"
ä¹…çˆ±-é…·è±baby,ã€è²‚è‰ã€‘ä¸‹é¥­ã€‚,"//live-cover.msstatic.com/huyalive/1549889253-1549889253-6656723654056869888-3099901962-10057-A-0-1/20210127210000.jpg?x-oss-process=image/resize,limit_0,m_fill,w_338,h_190/sharpen,80/format,jpg/interlace,1/quality,q_90"
çš‡çº-ç‰›77,ç§’ä¸Šå·/è¾¹è·¯è²‚è‰æ— æ•Œå¸¦ç²‰,"//live-cover.msstatic.com/huyalive/1199564346587-1199564346587-5448041473809317888-2399128816630-10057-A-0-1/20210127210002.jpg?x-oss-process=image/resize,limit_0,m_fill,w_338,h_190/sharpen,80/format,jpg/interlace,1/quality,q_90"
LD-å°å¸ˆå§ã€å¨œå¯å›å›ã€‘,QåŒºçŒ›å¥³ä¿®è¡Œæ—¥è®°,"//live-cover.msstatic.com/huyalive/191989368-191989368-824588056739708928-384102192-10057-A-0-1/20210127205959.jpg?x-oss-process=image/resize,limit_0,m_fill,w_338,h_190/sharpen,80/format,jpg/interlace,1/quality,q_90"
ç´«é²¨-æ’æ›²,å›½ä¸€éœ²éœ²å·…å³°èµ›1950åˆ†å†²å‰å,"//live-cover.msstatic.com/huyalive/2321077331-2321077331-9968951228131966976-4642278118-10057-A-0-1/20210127210004.jpg?x-oss-process=image/resize,limit_0,m_fill,w_338,h_190/sharpen,80/format,jpg/interlace,1/quality,q_90"
é’èŠ±ä¸¨å¯è¾°,æœ‰è½¦ä½ é­”æ³•ä¹¦ä¸Šç‹è€… å›½ä¸€ç„ç­–åœ¨çº¿å¸¦é£,"//live-cover.msstatic.com/huyalive/524215758-524215758-2251489536657850368-1048554972-10057-A-0-1/20210127210007.jpg?x-oss-process=image/resize,limit_0,m_fill,w_338,h_190/sharpen,80/format,jpg/interlace,1/quality,q_90"
ä¹…çˆ±-å…å…,å›½æœå¥³é˜¿è½²é’ç¥¨æªä¸Šç‹è€…å¸¦ç²‰ å¸ç©ºéœ‡,"//live-cover.msstatic.com/huyalive/2357075257-2357075257-10123561143025795072-4714273970-10057-A-0-1/20210127205954.jpg?x-oss-process=image/resize,limit_0,m_fill,w_338,h_190/sharpen,80/format,jpg/interlace,1/quality,q_90"
Yx9ä¸¶æ•…è¾,ã€103æ®µå›½ä¸€ä¸­å•ã€‘å·…å³°èµ›ç´ è´¨æ¸¸æˆå†²åˆ†,"//live-cover.msstatic.com/huyalive/1279519480324-1279519480324-16811332694758653952-2559039084104-10057-A-0-1/20210127205948.jpg?x-oss-process=image/resize,limit_0,m_fill,w_338,h_190/sharpen,80/format,jpg/interlace,1/quality,q_90"
å¶å¤©-,ç¬¬ä¸€ç„ç­–å¸¦ç²‰ä¸Šæ˜Ÿ100%èƒœç‡,"https://tx-live-cover.msstatic.com/huyalive/1800491089-1800491089-7733050343994425344-3601105634-10057-A-0-1/20210127205959.jpg?sign=DK5OC8LAsH7+55gifX6CXAAsPcdhPTEyNTM0OTg3MDEmaz1BS0lEeG56NjRXQTU3eGQ4VUVxVXlIT0tuQUxRTEN1UkN6NTUmZT0xNjI3MzA0NDAwJnQ9MTYxMTc1MjQwMCZyPTEyMzQ1Njc4JmY9L2h1eWFsaXZlLzE4MDA0OTEwODktMTgwMDQ5MTA4OS03NzMzMDUwMzQzOTk0NDI1MzQ0LTM2MDExMDU2MzQtMTAwNTctQS0wLTEvMjAyMTAxMjcyMDU5NTkuanBnJmI9aHV5YS1zY3JlZW5zaG90cy1yZXZpZXctMTI1MzQ5ODcwMQ==&x-oss-process=image/resize,limit_0,m_fill,w_338,h_190/sharpen,80/format,jpg/interlace,1/quality,q_90"
èµ¢åŸ-å¾·å¤æ‹‰,Banä½å¸¸å®¢æ¾œæœ‹å‹ èµé‡‘è”èµ›10è¿èƒœ,"https://tx-live-cover.msstatic.com/huyalive/1156733490-1156733490-4968132509737943040-2313590436-10057-A-0-1/20210127210003.jpg?sign=rMtLjGx6uyYc7hZDfeBhdJPsUf9hPTEyNTM0OTg3MDEmaz1BS0lEeG56NjRXQTU3eGQ4VUVxVXlIT0tuQUxRTEN1UkN6NTUmZT0xNjI3MzA0NDA0JnQ9MTYxMTc1MjQwNCZyPTEyMzQ1Njc4JmY9L2h1eWFsaXZlLzExNTY3MzM0OTAtMTE1NjczMzQ5MC00OTY4MTMyNTA5NzM3OTQzMDQwLTIzMTM1OTA0MzYtMTAwNTctQS0wLTEvMjAyMTAxMjcyMTAwMDMuanBnJmI9aHV5YS1zY3JlZW5zaG90cy1yZXZpZXctMTI1MzQ5ODcwMQ==&x-oss-process=image/resize,limit_0,m_fill,w_338,h_190/sharpen,80/format,jpg/interlace,1/quality,q_90"
æ’äº‘-å°å¿µé›ª,é™•è¥¿å£°ä¼˜å°å§å§ï¼Œæ¸©æŸ”ä»¥å¾…,"//live-cover.msstatic.com/huyalive/2453244578-2453244578-10536605231599321088-4906612612-10057-A-0-1/20210127205947.jpg?x-oss-process=image/resize,limit_0,m_fill,w_338,h_190/sharpen,80/format,jpg/interlace,1/quality,q_90"
MHã€æ²ˆå†œæ°‘ã€é­”æœ¯å†œã€‘,æœ€é«˜åƒé¸¡ç‡ä¸Šçš„å›½ä¸€,"//live-cover.msstatic.com/huyalive/1843055588-1843055588-7915863475170050048-3686234632-10057-A-0-1/20210127210000.jpg?x-oss-process=image/resize,limit_0,m_fill,w_338,h_190/sharpen,80/format,jpg/interlace,1/quality,q_90"
å¤©å’Œã€æ©˜å¦–ç²¾,ã€ä¸Šæµ·ã€‘QåŒº å›½æœå°ä¹” æ„Ÿè°¢å”¯ä¸€å‡21çº§,"//live-cover.msstatic.com/huyalive/2252852651-2252852651-9675928458751901696-4505828758-10057-A-0-1/20210127205958.jpg?x-oss-process=image/resize,limit_0,m_fill,w_338,h_190/sharpen,80/format,jpg/interlace,1/quality,q_90"
ç»‡æ¢¦-æŒ¯ç¿…ã€æ­Œç‹ã€‘,ã€éŸ©ä¿¡ä¸“åœºã€‘å·…å³°èµ›èŠ‚å¥ä¸æ€è·¯,"//live-cover.msstatic.com/huyalive/1802808851-1802808851-7743005055984336896-3605741158-10057-A-0-1/20210127205956.jpg?x-oss-process=image/resize,limit_0,m_fill,w_338,h_190/sharpen,80/format,jpg/interlace,1/quality,q_90"
æµ·æ€-æ›œåœ£ã€ä¸‰æŒ‡æ›œå‘½ã€‘,åŒåŒºå¸¦ç²‰å›½æœæ›œåŠ é€Ÿå™¨ç³–è±†è½¦ä¸Šç‹è€…,"//live-cover.msstatic.com/huyalive/1614389735-1614389735-6933751114823106560-3228902926-10057-A-0-1/20210127205959.jpg?x-oss-process=image/resize,limit_0,m_fill,w_338,h_190/sharpen,80/format,jpg/interlace,1/quality,q_90"
é—²äº‘é™ˆæµ©å—,ã€è¾¹è·¯ä¹‹å…‰ã€‘T0é«˜åœ°æä¿¡å·…å³°èµ›ä¿å›½æ ‡ä¹‹æˆ˜,"//live-cover.msstatic.com/huyalive/1502526068-1502526068-6453300323447472128-3005175592-10057-A-0-1/20210127205944.jpg?x-oss-process=image/resize,limit_0,m_fill,w_338,h_190/sharpen,80/format,jpg/interlace,1/quality,q_90"
ä¹…å¸-ç¾ä¹,å¹¿ä¸œå°å§å§åœ¨çº¿å¸¦ç²‰ä¸­,"//live-cover.msstatic.com/huyalive/2171335022-2171335022-9325812908149440512-4342793500-10057-A-0-1/20210127205951.jpg?x-oss-process=image/resize,limit_0,m_fill,w_338,h_190/sharpen,80/format,jpg/interlace,1/quality,q_90"
Dae-å´æ—¥å¤©ã€è¾…ç¥ã€‘,ã€åä¸‰å›½æœè¾…ç¥ã€‘å·…å³°èµ›å†²ç¬¬ä¸€,"//live-cover.msstatic.com/huyalive/1870617283-1870617283-8034240053817376768-3741358022-10057-A-0-1/20210127205954.jpg?x-oss-process=image/resize,limit_0,m_fill,w_338,h_190/sharpen,80/format,jpg/interlace,1/quality,q_90"
å‹¤å¥‹Emm,å›½æœéœ²å¨œåœ¨çº¿å¸¦é£,"//live-cover.msstatic.com/huyalive/1199519014477-1199519014477-5253341543900643328-2399038152410-10057-A-0-1/20210127205945.jpg?x-oss-process=image/resize,limit_0,m_fill,w_338,h_190/sharpen,80/format,jpg/interlace,1/quality,q_90"
Daeæ±Ÿå—å¦¹å¦¹,ä¸­è¾…å°å¯çˆ±åœ¨çº¿ç­‰å‘è½¦,"//live-cover.msstatic.com/huyalive/1199564955529-1199564955529-5450656859784478720-2399130034514-10057-A-0-1/20210127210005.jpg?x-oss-process=image/resize,limit_0,m_fill,w_338,h_190/sharpen,80/format,jpg/interlace,1/quality,q_90"
ä¹…å¸-é‡å–µYm,ã€å®‡å®™ç¬¬ä¸€å¥³é•œã€‘é£é›·ç¥å¸¦ç²‰ä¹±æ€ä¸Š26,"//live-cover.msstatic.com/huyalive/1828801442-1828801442-7854642384267640832-3657726340-10057-A-0-1/20210127205952.jpg?x-oss-process=image/resize,limit_0,m_fill,w_338,h_190/sharpen,80/format,jpg/interlace,1/quality,q_90"
è“é²¨-æ©˜å­,ã€å›½æœæ›œã€‘å›½æœæ›œ/æ¾œæ–°å‡ºè£…æ•™å­¦å¸¦ç²‰å¸ç©ºéœ‡,"https://tx-live-cover.msstatic.com/huyalive/2375355993-2375355993-10202076306292604928-4750835442-10057-A-0-1/20210127205951.jpg?sign=EoV4ByxnUzRAezDk9PpjuCisODJhPTEyNTM0OTg3MDEmaz1BS0lEeG56NjRXQTU3eGQ4VUVxVXlIT0tuQUxRTEN1UkN6NTUmZT0xNjI3MzA0MzkxJnQ9MTYxMTc1MjM5MSZyPTEyMzQ1Njc4JmY9L2h1eWFsaXZlLzIzNzUzNTU5OTMtMjM3NTM1NTk5My0xMDIwMjA3NjMwNjI5MjYwNDkyOC00NzUwODM1NDQyLTEwMDU3LUEtMC0xLzIwMjEwMTI3MjA1OTUxLmpwZyZiPWh1eWEtc2NyZWVuc2hvdHMtcmV2aWV3LTEyNTM0OTg3MDE=&x-oss-process=image/resize,limit_0,m_fill,w_338,h_190/sharpen,80/format,jpg/interlace,1/quality,q_90"
QYã€æœå†»,å›½ä¸€é•œé‡‘ç‰Œæ•™å­¦ä¸€å·è£è€€åœ¨çº¿å¸¦ç²‰,"//live-cover.msstatic.com/huyalive/1199533218546-1199533218546-5314347555725770752-2399066560548-10057-A-0-1/20210127205957.jpg?x-oss-process=image/resize,limit_0,m_fill,w_338,h_190/sharpen,80/format,jpg/interlace,1/quality,q_90"
ä¹ä¸€ä¸¶ç¿ç¾½ã€å°å·æ–—ç½—ã€‘,å›½ä¸€æç™½ é’ç¥¨æªåŒ…è£è€€,"//live-cover.msstatic.com/huyalive/1199555263869-1199555263869-5409031497040527360-2399110651194-10057-A-0-1/20210127210000.jpg?x-oss-process=image/resize,limit_0,m_fill,w_338,h_190/sharpen,80/format,jpg/interlace,1/quality,q_90"
è¿·ç‹¸Ohh,å›½æœé•œæ¾œå¸¦ç²‰ä¸Šç‹è€…26 99èƒœç‡å¸¦ç²‰~,"//live-cover.msstatic.com/huyalive/2222193685-2222193685-9544249202452725760-4444510826-10057-A-0-1/20210127205956.jpg?x-oss-process=image/resize,limit_0,m_fill,w_338,h_190/sharpen,80/format,jpg/interlace,1/quality,q_90"
è¯ºç±³-é±¼ç¥,å›½ä¸€æœ¨å…° é±¼ç¥å½’ä½Â·,"//live-cover.msstatic.com/huyalive/1801871207-1801871207-7738977905669046272-3603865870-10057-A-0-1/20210127205946.jpg?x-oss-process=image/resize,limit_0,m_fill,w_338,h_190/sharpen,80/format,jpg/interlace,1/quality,q_90"
ZYä¸¶æ…•å‡¡,ã€å›½æœç¬¬ä¸€èµµäº‘éœ²å¨œè²‚è‰ã€‘æœ‰è½¦ä½åŒåŒºå¸¦ç²‰,"//live-cover.msstatic.com/huyalive/1199550573974-1199550573974-5388888551393853440-2399101271404-10057-A-0-1/20210127205947.jpg?x-oss-process=image/resize,limit_0,m_fill,w_338,h_190/sharpen,80/format,jpg/interlace,1/quality,q_90"
ä½ çš„é˜¿æ·±å–ã€ä¸å¿˜åˆå¿ƒã€‘,Vxå¸¦ç²‰ä»»ä½•æ®µä½ å£°ä¼˜å›½æœç¬¬ä¸€æç™½æ¾œ,"//live-cover.msstatic.com/huyalive/1682308317-1682308317-7225459203303800832-3364740090-10057-A-0-1/20210127210006.jpg?x-oss-process=image/resize,limit_0,m_fill,w_338,h_190/sharpen,80/format,jpg/interlace,1/quality,q_90"
èµ¢åŸ-é±¼å¤§å©¶å„¿,ç›¸å£°å…³ç¾½äºŒäººè½¬å°ä¹”ï¼Œä¸æ­£ç»æ•™å­¦~å¸¦ç²‰,"https://tx-live-cover.msstatic.com/huyalive/2185165394-2185165394-9385213903580954624-4370454244-10057-A-0-1/20210127205951.jpg?sign=wb54o49Dee/+vA8MdtrlXtmUl8dhPTEyNTM0OTg3MDEmaz1BS0lEeG56NjRXQTU3eGQ4VUVxVXlIT0tuQUxRTEN1UkN6NTUmZT0xNjI3MzA0MzkxJnQ9MTYxMTc1MjM5MSZyPTEyMzQ1Njc4JmY9L2h1eWFsaXZlLzIxODUxNjUzOTQtMjE4NTE2NTM5NC05Mzg1MjEzOTAzNTgwOTU0NjI0LTQzNzA0NTQyNDQtMTAwNTctQS0wLTEvMjAyMTAxMjcyMDU5NTEuanBnJmI9aHV5YS1zY3JlZW5zaG90cy1yZXZpZXctMTI1MzQ5ODcwMQ==&x-oss-process=image/resize,limit_0,m_fill,w_338,h_190/sharpen,80/format,jpg/interlace,1/quality,q_90"
LD-è™å®,å›½æœè£´æ“’è™ å·…å³°èµ›1900å†²ç¬¬ä¸€,"//live-cover.msstatic.com/huyalive/1824907062-1824907062-7837916149529444352-3649937580-10057-A-0-1/20210127210001.jpg?x-oss-process=image/resize,limit_0,m_fill,w_338,h_190/sharpen,80/format,jpg/interlace,1/quality,q_90"
æ™¯è‰²-æ¸…é£,åœ¨æ¦œå›½æœæ‰“é‡83æ®µå¸¦ç²‰æœ‰è½¦ä½,"//live-cover.msstatic.com/huyalive/2326201836-2326201836-9990960809515155456-4652527128-10057-A-0-1/20210127205957.jpg?x-oss-process=image/resize,limit_0,m_fill,w_338,h_190/sharpen,80/format,jpg/interlace,1/quality,q_90"
éå‡¡-å­œçƒŠ,å›½æœæ›œ.å¸¦ç²‰.æ•™å­¦é­”æ³•ä¹¦ä¸Šè½¦,"//live-cover.msstatic.com/huyalive/1803718058-1803718058-7746910070314631168-3607559572-10057-A-0-1/20210127205953.jpg?x-oss-process=image/resize,limit_0,m_fill,w_338,h_190/sharpen,80/format,jpg/interlace,1/quality,q_90"
åˆå¿ƒ-æµªæµªã€å›½æœå…¸éŸ¦ã€‘,å›½ä¸€å…¸éŸ¦ å¸¦ç²‰ä¸­ æœ‰ä½ç½®,"//live-cover.msstatic.com/huyalive/2349230744-2349230744-10089869216237748224-4698584944-10057-A-0-1/20210127210003.jpg?x-oss-process=image/resize,limit_0,m_fill,w_338,h_190/sharpen,80/format,jpg/interlace,1/quality,q_90"
æ’äº‘-ç´ å°é¢œ,å¾®ä¿¡åŒºå¸¦ç²‰ æœ‰è½¦ä½~~,"//live-cover.msstatic.com/huyalive/1700925511-1700925511-7305419442677088256-3401974478-10057-A-0-1/20210127205944.jpg?x-oss-process=image/resize,limit_0,m_fill,w_338,h_190/sharpen,80/format,jpg/interlace,1/quality,q_90"
æœ‰æ°§-æ£®æ£®,å›½ä¸€é˜¿è½²æ©˜å­é¡¶çº§é‡ç‹å¸¦ç²‰ä¸Šåˆ†å¦‚å–æ°´,"//live-cover.msstatic.com/huyalive/1700264736-1700264736-7302581435662073856-3400652928-10057-A-0-1/20210127205959.jpg?x-oss-process=image/resize,limit_0,m_fill,w_338,h_190/sharpen,80/format,jpg/interlace,1/quality,q_90"
æ— å¦ovo,å›½æœå¥³é‡ç‹ å¤§å“¥è¯·ä¸Šè½¦,"//live-cover.msstatic.com/huyalive/1212736372-1212736372-5208663056409690112-2425596200-10057-A-0-1/20210127205950.jpg?x-oss-process=image/resize,limit_0,m_fill,w_338,h_190/sharpen,80/format,jpg/interlace,1/quality,q_90"
AzZä¸¶é±¼å°çš®ã€çš®çš®è™¾ã€‘,é­”æ³•ä¹¦ä¸Šç‹è€…é’ç¥¨æªç›´å†²26å›½æœçŒ´å­å¸¦ç²‰,"//live-cover.msstatic.com/huyalive/1199520233437-1199520233437-5258576937235775488-2399040590330-10057-A-0-1/20210127205951.jpg?x-oss-process=image/resize,limit_0,m_fill,w_338,h_190/sharpen,80/format,jpg/interlace,1/quality,q_90"
æ²ªå¨±-æ¡”å­ã€049ã€‘,è¶…ç²‰æ´»åŠ¨åˆ·åŠ é€Ÿå™¨å’Œè½¦è°¢è°¢å…„å¼Ÿä»¬~,"//live-cover.msstatic.com/huyalive/1769082790-1769082790-7598152726966435840-3538289036-10057-A-0-1/20210127205945.jpg?x-oss-process=image/resize,limit_0,m_fill,w_338,h_190/sharpen,80/format,jpg/interlace,1/quality,q_90"
è‹æ¨±æœ,å£°ç”œå¸¦ç²‰  æƒ³è¦ç³–è±†è½¦  å˜¤å˜¤å˜¤~,"//live-cover.msstatic.com/huyalive/1199539738925-1199539738925-5342352370288295936-2399079601306-10057-A-0-1/20210127205950.jpg?x-oss-process=image/resize,limit_0,m_fill,w_338,h_190/sharpen,80/format,jpg/interlace,1/quality,q_90"
è€èƒ–è™,ç§’ä¸Šå·/å›½ä¸€é©¬è¶… æ— æ•Œå¸¦ç²‰ è¿èƒœä¸­,"//live-cover.msstatic.com/huyalive/2358065059-2358065059-10127812310245310464-4716253574-10057-A-0-1/20210127210002.jpg?x-oss-process=image/resize,limit_0,m_fill,w_338,h_190/sharpen,80/format,jpg/interlace,1/quality,q_90"
é˜¿å®‡San,åŠ é€Ÿå™¨ç§æ‹‰å¸¦åˆ°è£è€€å›½æœé•œå¸¦ç²‰,"https://tx-live-cover.msstatic.com/huyalive/1199558679396-1199558679396-5423701073804132352-2399117482248-10057-A-0-1/20210127210008.jpg?sign=19xKbFEijsap7u0Qw6lPM86v3BlhPTEyNTM0OTg3MDEmaz1BS0lEeG56NjRXQTU3eGQ4VUVxVXlIT0tuQUxRTEN1UkN6NTUmZT0xNjI3MzA0NDA4JnQ9MTYxMTc1MjQwOCZyPTEyMzQ1Njc4JmY9L2h1eWFsaXZlLzExOTk1NTg2NzkzOTYtMTE5OTU1ODY3OTM5Ni01NDIzNzAxMDczODA0MTMyMzUyLTIzOTkxMTc0ODIyNDgtMTAwNTctQS0wLTEvMjAyMTAxMjcyMTAwMDguanBnJmI9aHV5YS1zY3JlZW5zaG90cy1yZXZpZXctMTI1MzQ5ODcwMQ==&x-oss-process=image/resize,limit_0,m_fill,w_338,h_190/sharpen,80/format,jpg/interlace,1/quality,q_90"
