title,href,info,support
,,"技巧一：添加合适的标签（标签是什么）
给问题添加合适的标签能让问题快速传播到合适的用户中，大大增加获得解答的几率；

技巧二：邀请合适的人
1.在问题评论中@ 果壳er。如果你知道问题涵盖的领域、专业范畴，可以通过”用户搜索“输入关键词找到相关用户，然后在问题评论中@ 相关用户，他们将收到召唤通知；...",8人支持
,,问题可以修改，但不能删除。因为一旦一个问题提出、有人参与回答之后，这个问题即是提问者和回答者的共同创造物，价值属于提问者和回答者双方。如果你觉得曾经的问题有欠妥当，可以对它进行修改。,4人支持
,,"果壳问答提倡理性、友善、向好奇心致敬的交流态度，符合提问规范的问题都是好问题。
如果有人对你发表无端的嘲讽或攻击性言论，可以发私信（给他发信）或致电果壳网客服（电话：010-85802928 ）。我们会及时进行沟通处理。 

想要知道自己的问题是否已经有人提过、是否已经有好答案？请在提问前先用关键词...",6人支持
什么样的问题比较受欢迎？什么样的问题会被删除？,http://www.guokr.com/question/83099/,"-涉及个人隐私及涉及敏感政治等问题,涉及以下内容的问题或答案将被删除：,-违反国家法律法规的内容及其它不合适内容",3人支持
听说今天是“国际接吻日”呀？真的有这个节日吗？,http://www.guokr.com/question/49649/,"这里列出了所有被联合国承认的国际性节日和纪念日，比如国际教师节（10月5日）、世界人口日（7月11日）、国际癌症日（2月4日）等等,在英国的一个周刊杂志《PRWeek》的网站上，我们找到一篇1999年的报道，题为《接吻把凡士林涂在了公众的嘴唇上》 [3],看来传言在这一点上并不准确，“国际接吻日”并非联合国认定的国际节日之一",53人支持
颜色鲜艳的小车更容易“撞小虫”么？,http://www.guokr.com/question/49547/,"无论虫子和鸟类是否对颜色存在偏爱，都不会影响到不同颜色的汽车遭受鸟粪、虫尸“袭击”的概率,挡风玻璃也可能会撞上小虫，但由于车主一般对玻璃清洗较勤快，比较少会出现虫子在玻璃上黏附很牢的现象,鸟类在飞行中显然不会有意“瞄准”某种颜色的车排便；即使是在静止时期，鸟类也通常停落在树上，而非汽车上",5人支持
蚊子包为什么越挠越痒？,http://www.guokr.com/question/40786/,"组胺的作用是增加血管通透性，让白细胞等免疫成分通过血管清除外来的蛋白质，而组织液也会随之从血管内渗出，进入组织，因此叮咬部位就会肿起一个红红的小包，这都是组胺在发挥作用的结果,这个原理也能解释另一个现象：刚刚被蚊子叮咬的时候还不会有感觉，要等过一会儿，组胺产生和运送到叮咬部位后，红肿和瘙痒才会产生,当这些蛋白质进入人体后，我们的免疫系统就会开始抵抗外物入侵",17人支持
台湾最近闹得很凶的那个塑化剂是什么？,http://www.guokr.com/question/38223/,"我们日常生活接触的很多塑料制品中，从塑料包装或容器、化妆品、玩具，到塑料管道、电缆外皮等建筑材料，都常常添加塑化剂,根据台湾媒体报道，原来，这些食品的上游生产厂商在向食品中添加一种“起云剂”的时候，为了降低成本，使用了更廉价的塑化剂DEHP,只是因为用塑化剂DEHP代替棕榈油，加到食品中后，能达到和正规“起云剂”比较相似的效果，所以有不良商家用DEHP来生产“起云剂”",9人支持
为什么睡醒后，特别是趴在桌子上睡醒后特容易打嗝？,http://www.guokr.com/question/37619/,"我们推测原因可能在于：饭后立刻午睡，特别是采取不正确的睡姿，可能会影响消化的进程，让食物在胃中停留更长时间，因而有可能也会因发酵而产生少量气体,不过这些气体通常会从消化道末端出口排出，而不会返回胃部,吃饭时随着食物进入胃中的少量气体会关在里面，等到饭后、胃部蠕动加快时，多余的气体才通过打饱嗝而被排出",18人支持
坐新车容易晕，是这样的吗？,http://www.guokr.com/question/35242/,"一家名为“国际技术评估中心”（the International Center for Technology Assessment）的机构2000年曾发布过一项研究报告[1]，调查了五种类别的污染物在,上述污染物质在车内空气中的浓度要大大高于车外[1,2]，因此适当保持车内外的空气流通有助于降低污染物浓度,对于挥发性有机化合物，有学者总结了1989年到2006年的一系列研究报告之后认为：室内绿色植物对于挥发性有机物的移除作用非常小，甚至可能根本无效[6]",5人支持
果壳问答中等待回答是根据什么来排序的呢？,http://www.guokr.com/question/562713/,等待回答的规则以前是“有0-3个答案的问题”，现在修改成“有1-3个答案的问题”，这是因为近期广告很多，各种广告都会自动出现在等待回答里，影响社区质量，所以就做了这样的调整,6人支持
果壳问答中 就某些答案的“评论”和“反对”也可以人工删除吗？,http://www.guokr.com/question/562135/,"您好,果壳问答管理员是可以人工删除讨论的，但是并不能取消任何人的投票（支持、反对、感谢）,您提到的这个情况不是管理员操作的",5人支持
"「如何才能过一个“高端大气上档次”又有“技术含量”的春节」评选出的最终获奖者名单和最佳问答有哪些？
",http://www.guokr.com/question/442460/,"提问者：@海海伦 ，提问获得60个人的关注,提问者：@粉兔子 ，提问获得102个人的关注,提问者：@呆头鹅 ，提问获得63个人的关注",10人支持
情人节送礼物没送好怎么办？如何补救？,http://www.guokr.com/question/440629/,"失败方案 一：送错玫瑰,别得意，不是所有巧克力都是健康食品，送错了、吃多了疾病危险照样升，妹子可不领情,失败方案三：送错红豆",12人支持
如何才能过一个”高端大气上档次”又有“技术含量”的春节？,http://www.guokr.com/question/439038/,"在这样喜庆的气氛里，有些人会选择用烟花爆竹助兴吧，（这样的空气质量，也许踩气球一样也可以增加节日的气氛），如果还是放不开“烟花爆竹”，那么燃放时的注意事项要谨记,我们平安地度过了“世界末日”，告别了不平凡的2012，也在朝霞中迎接了2013，现在春节将至，大家是不是踌躇满志地准备踏上归家的旅途,为什么像“年兽”这种听起来就不靠谱的东西在古代竟然能引发“过年”的习俗，而且还能蔓延到亚洲这么多国家",13人支持
“标签”是什么？,http://www.guokr.com/question/429533/,"在添加或修改标签时，如果你输入的标签不存在，系统会自动提示你是否创建新标签,标签是话题集，一个标签聚集一类特定主题的内容,提问后，在标签栏输入关键词，选取合适的标签",8人支持
“百度知道网友”是谁啊？,http://www.guokr.com/question/301141/,"我们希望让科学有趣的知识传播的更远，让更多的人体会到科学的魅力,事情是这样的，果壳问答正在和百度知道进行合作，以便让科学传播这件事能走得更远、覆盖得更全面,最近大家都发现了“百度知道网友”这个用户在果壳问答的小天地里异常活跃",67人支持
为什么果壳问答不能分享单条答案？,http://www.guokr.com/question/152436/,"每条答案右下方都添加了分享按钮，可以将这条答案分享在新浪微博、腾讯微博、人人网、豆瓣和QQ空间上,在最新上线的果壳网新版本中，增加了答案分享和相似问题提示这两项功能,其中分享到新浪微博和腾讯微博采用长微博图片的形式",12人支持
  浅论利用电场力创造能量，推翻能量守恒定律,http://www.guokr.com/question/99706/,"因此我们关闭了这个帖子,您的这个帖子并非一个问题，不适合在“果壳问答”这个场所进行讨论,com",0人支持
在果壳问答中可否使用“@”功能？,http://www.guokr.com/question/99618/,"由于问答的评论是默认折叠的，对方点击提示后，会跳转到评论所在的问题或答案处，此时只要展开评论即可看到“@”的信息内容,当对方点击这一提示，会跳转到相应的问题或答案的位置,在果壳问答提问和回答时，可以使用“@+昵称”的方式，将信息传达给指定用户",7人支持
月经后一周是减肥黄金周吗？月经期间吃高热量的东西也不会胖吗？,http://www.guokr.com/question/34720/,"文章指出：“吸收功能下降并非不吸收，如果进食过多热量，同样会转化为脂肪储存起来，在任何阶段都不应该认为‘吸收不好，不会发胖’而暴饮暴食,“Horton等研究者在2002年发表的文章中，将月经周期分为早卵泡期（雌、孕激素水平均低）、卵泡中期（雌激素升高，孕激素水平低）和黄体中期（雌、孕激素水平均高）进行实验，在90分钟中等强度体力活动中,在Vaiksaar等研究者2011年发表的文章中，将月经周期分为卵泡期和黄体期进行实验，发现在1小时测功仪练习中，女赛艇运动员的能量消耗、氧耗水平、运动和静息的心率水平、能量物质的氧化水平，以及体内乳",13人支持
【求证实/粉碎】商用量子计算机已经发布？,http://www.guokr.com/question/34540/,"他发现分析模拟量子物理世界所需要的计算能力远远超过了经典计算机所能达到的能力，而用实验室中一个可控的量子系统（比如：一台量子计算机）来模拟和计算另外一个我们感兴趣的量子系统（比如：宇宙），会非常高效,在发布D-Wave One之前，他们在《Nature》上发表了一篇论文，展示了他们所研究的量子处理器，里面包含8个量子比特，可以看到某些量子效应,如果量子计算机的发展进程如同经典计算机一样，即其规模随时间指数递增的话，那么30年后，量子比特数会达到1000这个量级，通用的量子计算机有可能出现",11人支持
关于白色运动鞋久置后出现的黄色污物,http://www.guokr.com/question/33004/,"除了污物，衣物最无法避免的问题还有日晒与洗涤，两者不只会破坏漂白剂的氧化作用、还原出布料的本色，还会逐渐导致增白剂的效率降低,于是，晾晒球鞋时包裹报纸便成了一种习惯，这至少带来了两种效果：避免阳光直射面料，同时增大蒸发面积，更快地吸出鞋面水份，延缓了染料的失色过程,由于生产衣物的原始布料白度通常不高，生产过程中会用化学方法进行漂白",17人支持
闭上眼睛看到的是什么？,http://www.guokr.com/question/32900/,"视觉后像可以分为正后像（原视野中亮的地方，残像中也亮）和负后像（原视野和残像的明暗和颜色关系正好相反）,尝试一下就可以发现：闭上眼睛后短时间内看到的光斑属于正后像,大部分资料将这一现象解释为：视觉感受器和相关神经细胞在光线的刺激终止之后，不会立刻停止工作，而是会在一段时间内保持活动，向大脑输送刺激信号",16人支持
用水可以洗掉锈吗？,http://www.guokr.com/question/26879/,"使用时，将一块洗车泥握在手里，在车身表面摩擦，从而使粘在车身表面的物质与车身分离、裹挟着清理下来,这类产品的主要有效成分都比较类似，是一种粘性的泥土状物质（事实上，这类产品以前又被称作“汽车粘土”）,而汽车表面产生的那些小点状的污点，其最常见的成因是车身表面沾了一些微小的污质，例如沙石等，在周围形成了锈迹",5人支持
孵小鸡的鸡蛋有性别吗？,http://www.guokr.com/question/23186/,"鸡受精卵内有两条性染色体：含有ZW（一条Z型、一条W型）的受精卵发育成母鸡；含有ZZ（两条Z型）的受精卵发育成公鸡,但极罕见的情况下，未受精的鸡蛋也会由于孤雌生殖而孵出一只小公鸡,路上，如果遇到了公鸡爸爸放在这里的精子，就变成了受精卵；如果一路都没遇到，未受精的卵子也会自己跑到车间里，被组装到一颗鸡蛋中",43人支持
又有“被精神病”的事件了，怎样证明自己不是精神病？,http://www.guokr.com/question/23203/,"作为专业的医务工作者，一个人是否有精神病、病情是否严重到需要强制收治，这些属于医学知识和技术方面的问题，都有章可循，遇到难题也很好进行讨论和解决,入院的时候，医生会先对病人进行初步诊断，但送治的过程往往发生在激烈冲突的基础上，而且常常是通过类似绑架的手段，同时送治者（比如家属）还可能捏造病情，影响医生的判断,现实中的很多这类真实案例，都通过这些方式最终得到了解决",13人支持
洗过头之后，自然风干 or 用电吹风吹干，哪个更伤头发？,http://www.guokr.com/question/21162/,"最好能边吹边整理，也可以分成几份吹干，这样头发不容易打结,选有调温档的吹风机，这样在不需高温的时候还可用低温吹,[3]MM们都不会陌生理发师吹头发的过程",13人支持
为什么人们听到 押韵 的句子或者词汇会有“愉悦感”？,http://www.guokr.com/question/20007/,"比如字符串“C C E E E E G I I I I N N N R S S S T T ”由20个组块组成，难以迅速记忆，但转换成“SCIENCE IS INTERESTING”便成为了3个单词组,反观我们的问题，押韵事实上也是一种高效的组块整合策略，通过前后句的押韵，使内容在声音上产生了关联，使记忆组块脱离文字本身进一步进行了简化，降低了信息的学习难度，人们也就更乐于接受,米勒在上世纪50年代的研究表明，人类的短时记忆基于一种“组块策略”，将独立的项目组合成较大、更有意义的单元进行记忆，这种组块的数量一般在7组上下浮动",18人支持
为什么女人总是在减肥却总是不成功？普通体重怎么变成骨感MM？,http://www.guokr.com/question/19405/,"不过也不能节食过了头，不吃不喝不叫减肥，那就变成禁食了,很多人认为减肥就不能吃肉，肉类破坏了减肥的百年大计吗,只要控制住全天总的热量摄入，就是睡前吃也不会胖",68人支持
为什么泡在水里久了皮肤会发皱啊？,http://www.guokr.com/question/5892/,"简单来说，泡水后手指皮肤会发皱的现象，是由于在手指等部位，皮肤的角质层细胞吸水膨胀导致的,因此，皮肤泡水后发皱的现象可能不仅仅是个物理过程，生物的神经活动也可能在其中起到调节作用,[6]后来进一步发现，当皮肤泡水时，细胞内电解质平衡发生改变，引起这些部位的神经活动开始增强",54人支持
水洗羽绒服会影响羽绒服保暖效果吗？,http://www.guokr.com/question/5837/,"上开门的涡轮洗衣机的涡轮在旋转时可能会扭曲损坏羽绒服里的羽毛,非专用的洗涤剂有时可能会导致羽毛粘连在一起,如果是质量合格的产品，经正确的方式洗涤，是不会影响保暖效果的",7人支持
加油站到底能不能打手机,http://www.guokr.com/question/5813/,"关于这个问题，果壳网谣言粉碎机的文章《在加油站使用手机会引起爆炸和火灾,》已经将这一谣言破解,不过，如果加油站对这一行为作了规定，我们也应该遵守",18人支持
在太空敲响一支音叉，但声音不能在真空中传播，那它的声音去哪了,http://www.guokr.com/question/5260/,"这里提到的“内摩擦”，指的是物质内部的原子或分子相互运动所造成的能量损失,振动的能量会加热音叉（由于内摩擦），而最终被辐射出去,既然声音不能在真空的太空中传播，如果我们在太空中使用某种正常环境下可以发出声音的物体，例如音叉，会发生什么",20人支持
为什么熬夜会有黑眼圈？,http://www.guokr.com/question/4936/,"例如，缺铁导致黑眼圈的机制和缺乏睡眠相似，都是由皮肤变苍白而凸显的；遗传因素或怀孕导致的黑眼圈，往往与黑色素的沉积有关；而随着年龄增加而出现的黑眼圈，则与皮肤变薄变松弛、阴影加深有关,与这些原因引起的黑眼圈相比，睡眠不足引起的黑眼圈很容易消退，对健康影响不大，因而相关的研究文献不多,医学上针对黑眼圈的研究，主要集中在长期的或由某种症状导致的黑眼圈",31人支持
为什么吃了薄荷嘴里会凉呢？这和吃冰块嘴里凉有什么区别吗？,http://www.guokr.com/question/4870/,"薄荷中含有一种叫薄荷醇（menthol）的物质（其化学结构见下图），这种物质可以刺激皮肤和口腔中的寒冷感受器TRPM8受体，让机体产生“冷”的感觉，而实际上并未改变温度,TRPM8受体存在于感觉神经元里，它还有个更直白的名字叫“寒冷与薄荷醇受体1”,除了薄荷醇，还有一种叫做Icilin的化学物质也能让我们产生冷感（这种物质没有中文译名），而且效力比薄荷醇大200倍",55人支持
为什么快要睡着的时候会不自觉的浑身抖一下？,http://www.guokr.com/question/4733/,"[1]有证据表明，压力过大或者睡眠不规律会导致更多入睡抽动的发生，[2]但是作为一种无害的正常生理现象，多抽动几次也问题不大,正常人一天内可能会感觉到一至两次入睡抽动，而更多的不强烈的抽动不会被睡梦中的我们觉察到,但是如果是持续每二十到四十秒抽动一次的话，就不再是入睡抽动，而是一种叫做周期性肢体运动紊乱（Periodic limb movement disorder）的睡眠障碍了",19人支持
月经这东西是不是会传染啊？,http://www.guokr.com/question/4563/,"McClintock在她1971年的研究中发现：同室居住的女性，月经周期平均相差时间从7天下降到了5天，这个改变并不算很多，因此很难说这个同步化是真实存在还是只是统计误差造成的,例如我们来看这样一个实例：假设女性甲的月经周期长度是28天，她在第1天、第29天、第57天来了月经；女性乙的月经周期长度是30天，她在第15天、第45天来了月经,事实上，如果以女性甲的第一次和第二次月经时间来和女性乙比较，会发现：前一次她俩相差14天，后一次相差16天，趋于分离；而如果以女性甲第二次和第三次月经时间来比较，就变成：前一次相差14天，后一次相差1",32人支持
两个血统正常的棕色虹膜亚洲人有可能有蓝色或绿色虹膜的子嗣吗？,http://www.guokr.com/question/4550/,"科学很早就发现：眼睛颜色（虹膜的颜色）是由遗传决定的，棕色（也就是黑色）是显性基因，蓝色是隐性基因,黑色素有两种，一种是颜色较深的“真黑素”（偏黑的棕色），一种是颜色较浅的“褐黑素”（偏红的黄色）,（OCA2还不能100%决定眼睛的颜色，因为还有别的基因在起作用",8人支持
铁做的门把手，被人天天摸，为什么就不生锈？,http://www.guokr.com/question/4508/,"1，人的皮肤会分泌油脂，这层油脂粘在铁表面能够阻挡铁与氧气和水分接触，从而避免氧化反应,而相比把手部位，门的其它部位一旦生锈，很快会锈得越来越严重,这些水分都会加剧里层的铁继续被氧化",13人支持
据说住宅的9-11层是扬灰层，请问确实有扬灰层这个说法吗？,http://www.guokr.com/question/8922/,"大气中的大颗粒物通常越靠近地面浓度越高；只有对于小颗粒物，在外力的作用下，有可能在某一高度存在一个最大浓度区,但是由于影响因素过多，并不一定所有楼房周围都存在这个最大浓度区；即使存在，对于不同建筑物和不同大小的颗粒，最大浓度区的高度也各不相同,经过科研人员理论推算和实际检测，我们认为：说建筑物的9至11楼是扬灰层，这是不科学的",1人支持
为什么我有时候看到一个汉字时间长了会觉得我不认识这个字呢？,http://www.guokr.com/question/8386/,"研究Jamais vu这个现象，不仅对于语言学和神经科学基础研究来说意义重大，而且有学者认为：一些精神疾病中的症状，例如精神分裂症患者会把亲人识别为“冒名顶替”者等现象，很可能和Jamais vu有相,一些研究者认为，字词的辨认涉及三个环节：a，字词产生“字形”的视觉信号（就是我们看到了这个字写在纸上的样子）；b，“字形”的视觉信号寻找并转化为对应的“语义”；c，在“语义”层面上进行思维活动,当我们反复阅读某个汉字时，“辨认”这个字所涉及的神经活动也会暂时被抑制，这时我们就会“认不出”这个字了",75人支持
有没有比较靠谱的蛔虫自测？就是判断自己是不是有蛔虫……,http://www.guokr.com/question/8220/,"近些年来，卫生工作者对此诊断方法的价值作了多次探讨，且大都同时以粪便检查蛔虫卵作为对照， **发现面部白斑、指甲白斑、巩膜蓝斑、下唇颗粒、舌乳头突起等五项体征对蛔虫病没有诊断价值** ，阳性符合率和假,民间流传一些检测蛔虫的偏方，例如说“指甲上有坑就是有蛔虫”，或者把面部、指甲上的白斑称作“蛔虫斑”，作为蛔虫检测的依据,通常使用的蛔虫药具有副作用小、只需服用一次的特点[3]，即使没有蛔虫的人吃了，一般也没什么害处，因此可以用这种“吃一颗看看”的方法",19人支持
天气真能影响人的心情吗？ ,http://www.guokr.com/question/7758/,"格罗赫尔博士还在文中提出，阳光、湿度、温度等很多因素都会对人的情绪与行为产生影响，例如我们都知道，夏天的高温会导致暴力犯罪率上升，尤其是性侵犯的犯罪率,但是在针对大范围正常人群的统计中，这一小群人具有的特点很容易被大多数不具有这种特点的人所淹没，结果是在统计上表现不出任何关联性,当然，也许你就是属于心情特别容易受到天气影响的类型，那你就需要更多参加户外活动、接收更多的阳光，并保持良好的起居习惯，这样才能减少天气对你的负面影响",5人支持
日常塑料用品有哪些种类？,http://www.guokr.com/question/7716/,"由于单一塑料很难满足复杂的使用需求，塑料工业中常把不同塑料混合在一起，制成塑料合金，这样既可以发挥不同材料的优点，又能节约开发新材料的成本,ABS根据三种组分含量和分子链形态分为很多种，广泛用于各种电器外壳、办公用品组件、安全帽和门窗管道等，工业中ABS常用于其他塑料的共混改性,用于合成聚苯乙烯的原料有毒，通过合适的合成工艺，聚苯乙烯的残余单体已经很少，但是现在的水杯等已经很少采用此材料",22人支持
汽车隔热膜的隔热效果是怎么来的？我车上贴的是3M晶锐70,http://www.guokr.com/question/7230/,"正常情况下，太阳光照射在车窗上，光线（包括可见光、红外线和紫外线）中的大部分穿过车窗，进入车厢内；一部分被反射；一部分被车窗吸收,衡量隔热效果的各项参数中，比较重要的一项是总太阳能阻隔率（Total Solar Energy Rejected，TSER）,这里的“阻隔”包含两个方面的意思：一是被反射的那部分阳光，二是先被吸收、进而向车窗外的方向辐射出去的那部分阳光[3]",6人支持
桔+柑+橙+枳+有什么区别？,http://www.guokr.com/question/7111/,"FRPS认为所有的橙子都是甜橙 Citrus sinensis 的栽培变种，而Flora of China认为，甜橙并非物种，而是人们将橘子和柚子杂交，再将杂交品种与亲本杂交，分别得到了酸橙、甜橙和葡,这个科的植物久经栽培驯化，变化极多，所以分类学上争论较多——例如中国科学院植物研究所编写的中国植物志（ Flora Republicae Popularis Sinicae ，FRPS）和哈佛大学编写,“柑”和“橘”这两个名称的使用极为混乱，不仅柑橘属下多个种或栽培变种（包括广柑 Citrus x aurantium / Citrus sinensis 、虎头柑 Citrus aurantium c",66人支持
为什么猫爱啃花花草草的枝叶和茎？,http://www.guokr.com/question/7074/,"与家养动物相比，这些野生动物的饮食卫生状况比较差，食物中也常会包含猎物的毛发，因此它们更有理由通过吃草来帮助排出肠道寄生虫或者吐出胃里的毛球,文中表示，家猫作为典型的食肉动物，无法像草食动物或者杂食动物那样消化吸收植物里的有机营养,正在吃草的狮子（拇姬摄于北京动物园）",45人支持
喝豆浆吃木瓜到底能不能使女性胸部增大？,http://www.guokr.com/question/6770/,"女编辑们认为：虽然木瓜丰胸是一个谣言，但这个谣言撑起了多少女性的梦想,为了这篇稿件能发表，果壳问答编辑对女编辑们开始了漫长而耐心的劝说工作,果壳问答编辑在此代表作者，向因为这篇文章而伤心的女性们道歉",19人支持
1分贝有多大声？生活中常见的声音都是多少分贝呀？,http://www.guokr.com/question/6727/,"比如：1米外步枪射击的声音大约是7000Pa；10米外开过的汽车大约是0,比如上面两个例子：虽然步枪的声音确实比汽车声要大，但要说大出几万倍，这无论如何也与我们的日常感觉有出入,8分贝：250英尺（约75米）外1吨TNT炸药爆炸",95人支持
为什么人无聊的时候就容易犯困？,http://www.guokr.com/question/1864/,"关于睡意的产生，综合目前理论认为：既有大脑活动减少的影响，更有大脑特定区域的主动控制，例如前脑区和脑干就分别对慢波睡眠和快波睡眠进行控制,当我们无事可做或者正在从事不感兴趣的活动时，一方面外部来的刺激减少了，另一方面主动参与的欲望也会下降，共同的结果就是脑部活动的减少,同时，主动控制睡眠的神经元也开始适时地施加影响，我们就开始打哈欠了",35人支持
反物质是什么东西？,http://www.guokr.com/question/1860/,"且不说反物质的保存有多么困难，由于地球上没有传说中的“反物质矿”，除了放射性衰变以外，“大规模生产”反物质只能靠高能碰撞，而这个生产效率十分低下：CERN每年制造出来的反质子只能供点亮100w灯泡3秒,这些天，反物质突然又一次被热议，源于NewScientist十一月十七日发表的一篇题为《反氢终于被捕获(Antihydrogen trapped at long last)》的文章 [1]，这篇文章介,就像氢原子是由质子和电子组成一样，反氢原子是也由相应的反粒子组成的，人类对反物质的研究始于对这些反粒子的研究：1928年，Paul Dirac从以他名字命名的相对论性量子力学方程中，首先发现自然界允许",17人支持
"猛禽之类常吃腐败食物,它的胃酸如何有胃溃疡吗?",http://www.guokr.com/question/1763/,"[4]猛禽和其它食肉动物不会因为胃酸比较高而发生胃溃疡,[1] 但和其它普通食肉动物相比，猛禽的胃酸强度并没有显著差别,[2] 即使是食腐的秃鹫，也主要是依靠体内的抗体来防护腐败食物中的微生物毒素的，而不是靠胃酸",17人支持
怎样称重人体某部分的精确重量？,http://www.guokr.com/question/1754/,"所以，CT三维重建技术可以测出人体某一部分的近似重量，想找一个不血腥的方法测出精确重量十分困难,这样一来，我们最多只能通过科学统计，得到身体内各种组织在大多数人体内的平均密度值，例如骨骼的平均密度、肌肉的平均密度、脂肪的平均密度等,在人体内，电子密度和物理密度具有一定关联性，使用电子密度做出来的CT图像，大致也能反映物理密度的分布差异",11人支持
献血对身体有好处吗？,http://www.guokr.com/question/1669/,"有一些统计研究认为献血的人群比不献血的人群健康状况更好、寿命更长等等，但正如果壳网友球球在回复中指出：大部分情况下，献血者本身就是比较健康的人,例如对“铁过载”（体内含铁量过多的症状，可以导致血色沉着病）的病人来说，适当献血可以减缓血液内铁的积累[1],健康人以正确的流程在正规的采血点进行献血，是对健康完全无害的",14人支持
女性经期随着鲜血排出的那些深色的组织碎片，是什么东西？,http://www.guokr.com/question/1642/,"首先来了解一下月经的正常成分：血液，子宫内膜碎片，宫颈粘液，脱落的阴道上皮细胞,再过个9-10天，因为没有受孕则黄体开始萎缩，性激素水平下降，子宫的平滑肌收缩，血管因挤压被封闭，血流供给中断，子宫内膜坏死、脱落,后两者中，宫颈粘液混在血液里，而脱落的阴道上皮细胞量少体积小，只能在显微镜下看到",24人支持
台球普通码球为什么是三角形？,http://www.guokr.com/question/1614/,"九球采用了菱形摆球；斯诺克在三角形的红球区之外还分散摆着许多彩球；比较古老的“开伦台球”只有三个球（或者四个球），开局时摆成一条线,三角形摆放法有这样的优势：后排的球每一个都可以被前排的球撞击到，这样母球只要击中前排第一颗球，就可以引发连锁反应，让所有的小球之间发生一系列弹性碰撞，从而让大多数小球因受力而开始运动,虽然每一次碰撞之后的速度与方向都可以推算，但由于碰撞发生的次数很多，想要对所有球的运动进行预测几乎是不可能的",54人支持
为什么很容易听出来一个人是在打电话还是在和身边的人对话？,http://www.guokr.com/question/1513/,"由于无法直接给对方传递诸如“我说完了”之类的信息，电话交流中的语言会比面对面的交流更为具体，通过内容的安排、句式的调整，以及语调的变化来补充信息，弥补看不到对方的缺陷,这是因为：当人们面对面交流时，对话双方可以通过手势、表情、身体动作来补充交流或是给对方施以反馈，我们也会用视觉、触觉等辅助感官来获得完整的会话信息,我们并不是每一次都能分辨出一个人是在打电话还是在和身边的人对话",21人支持
高层用户失火如何自救，需要准备哪些东西？,http://www.guokr.com/question/1490/,"他还提到：很多人匆匆下楼，随手把门一关，到楼下发现道路被封再想回到屋内，却发现忘了带钥匙，进不了门,此外消防人员还提醒我们：如果在家中躲避，注意不可以藏得太深，以至于消防人员找不到你,例如：高层建筑按规定必须有两条防烟楼梯间，既能防烟也能防火，逃生时要尽量选择这个通道",8人支持
关于鸡蛋的两个问题,http://www.guokr.com/question/1473/,"简单来说，“踩蛋”描述的是公鸡踩在母鸡背上的交配过程,所以，精子并不需要通过蛋壳，而是先与卵子结合，才开始生成鸡蛋的,交配以后，精子沿着输卵管上行，在端部与卵细胞会合而受精",2人支持
果壳问答改版了，和旧版相比有哪些重大变化？,http://www.guokr.com/question/98477/,"在问答首页，增加“你可能喜欢”，根据你关注的标签及热门标签，推荐你感兴趣的问题；在问答首页，增加“最新问题”，在这里你可以看到果壳er提出的所有问题；在问答首页，增加“热门问题”，在这里你可以查看近期,增加“标签广场”，便于浏览和寻找你感兴趣的标签，想要更便捷的搜索，还可以使用标签广场右侧的搜索框；,除了昵称以外，用户的专业头衔、个人简介也可以成为搜索关键词，让你更方便的找到想找的果壳er",14人支持
,,"果壳问答希望能建立一个泛科技内容百科知识库，与维基百科提供纯客观知识不同地方在于，我们希望提供一座桥梁，让所有好的问题都能得到具有相关专业知识和经验的人的回答，解决一个人问题的同时，也能解决其他具有相同问题的人的疑惑。如何撰写一个优质答案，最为关键。

1.回答你熟悉的专业领域的问题。针对问题本身，...",18人支持
,,"一、如何将疑问转化为一个规范的问题？

1. 客观陈述问题，不要代入个人情感及主观判断。
例：
× 为什么有人喜欢不入流的二人转？
√二人转有什么吸引观众的特点？
 
2. 问题诉求清晰、用语简洁，省略无关字句。
1）拆分问题，避免多个问题混杂。
例：
×到底什么是植物人？植物人能被唤醒吗？有什么条...",20人支持
,,"这里是果壳问答的一些使用技巧，点击查看相关的内容。

【提出问题】

在果壳问答，如何提一个好问题？
我想提的问题都很简单，会不会被嘲笑？
我可以删除我的问题吗？

【获得回答】

怎样才能尽快得到解答？
没有人理我怎么办？
我想问的问题已经有人提过了，但是还没有靠谱的回答，怎么办？
怎样才能让专业...",19人支持
,,"在新版果壳问答中，我们将各种问题进行了分类。每一个问题最多可以被归在三个分类之下。没有被分类的问题，会出现在“其他”这个分类之下。

在提问时将问题投递到正确的分类中，会让相关领域的专业人士更容易看到这个问题，有助于你的问题更快获得解答。

你也可以关注自己感兴趣的分类，以便更好地了解网友在这个领域...",3人支持
,,"这两项功能将影响答案的排序，获得“支持”越多、“反对”越少的答案，排列位置将越靠上。“支持”完之后的答案下会显示你的ID，你的好友也能看见你“支持”过的答案；“反对”完之后则不用担心会被别人看到。

之前的果壳问答仍是论坛小组的模式，所有答案按照回复的先后顺序显示。这样的讨论机制并不利于优秀答案的呈...",3人支持
为什么对于一个问题，我只能回答一次？,http://www.guokr.com/question/83113/,"如果你只是想对他人的问题或答案进行讨论，可以点击问题或答案下面的评论按钮进行讨论,如果你对自己给出的答案不满意，您可以修改自己的答案，进行补充说明,在新版问答中，每位用户对每个问题只能给出一个答案，这避免了过多的不相关讨论对回答的干扰",2人支持
,,在果壳网回答问题的达人们，都是凭着兴趣自愿分享他们的专业知识。对他们而言，经过思考后的提问、具有专业水平的提问比较有吸引力。,2人支持
,,"1.点击“关注”，有新增回答时，将会通知你及时浏览；
2.邀请可能知道答案的人，例如：在问题下方，点击“添加讨论”，@ 你认为能回答问题的网友；
3.分享问题到微博、豆瓣、人人等社交网站，让更多人看到问题；
4.自己动手，搜索维基百科、论文数据库，自问自答也是非常好的方式；
5.请教身边的朋友、老师...",1人支持
,,"您可以采取如下步骤
一、仔细检查自己的提问是否符合“表达清晰易懂”、“有完整的描述”、“已添加合理的标签”；
二、@ 合适的果壳er，争取更多人关注问题；
三、尝试“怎样才能尽快得到解答？”给出的方法；
做到上述步骤，能大大提升问题被回答的几率。
另外，多与果壳er们互动、交流，也是一个十分不错的方...",0人支持
困惑：防伪技术都应用到哪儿去了？,http://www.guokr.com/question/18210/,"真品3M汽车隔热膜与仿冒者相比，除了本身所具有的特质（实际隔热效果的差别、摩擦后防掉色的能力等）外，还携带有很多防伪技术，包括：粘贴在产品之上的防伪标签；随产品提供的一个登陆账号，门店可以用此帐号登录,其他的防伪技术产品还有很多，比如生物特征防伪技术产品，一般只用于一些比较专业的领域,现在的防伪标签大多利用光学、材料学技术，比如在材料上留下很多微孔，光射进微孔发生衍射与散射，就会形成特定的图案，但是如果水渗入到孔里面，图案就会消失等等",5人支持
受到核辐射的人是怎样死去的？,http://www.guokr.com/question/16601/,"7至10 Gy之间时（Gy中文称作“戈瑞”，是衡量辐射对人体伤害力强弱的单位，1Gy表示每千克人体组织每小时吸收了1焦耳的能量），患者常由于骨髓破坏、参与凝血的血小板及参与机体防御功能的淋巴细胞单核细,这次福岛核泄漏危急中，最后留在现场的50名勇士，按照规定每人允许接受的最大辐射量是250毫西弗,如果患者描述他们可能接触到放射性物质，或者患者除恶心呕吐外还伴有其它原因无法解释的头痛、乏力、食欲减退、腹泻及红斑的皮肤损伤时，医务工作者就应高度怀疑其接触放射性物质的可能性，并尽快采取相应检查确诊，",5人支持
为什么很多语言中“爸爸”“妈妈”的发音都特别相似？,http://www.guokr.com/question/16545/,"但事实上，也有很多语言中不这样叫爸爸妈妈，满语、日语、格鲁吉亚语等语种中对父母有着特殊的发音方法，这里无法逐一展开讨论,• 哺乳诱导发音的相关研究,从发音方式上分析，婴儿出生时开口啼哭——即自然长音“a”，而吸吮母乳时由于口腔封闭，气流经由鼻腔冲出，发出了“m”，这几乎婴儿最早学会的两种发音方式",29人支持
日本的沸水堆可以造核弹原料么？,http://www.guokr.com/question/13782/,"不提二战时候的原子弹研制和浓缩铀的生产，日本从1979年开始生产铀浓缩，如上图所示，日本核燃料株式会社（JNFL）从1992年开始每年能够生产数十到近两百吨铀235核燃料[4]，2000年之后的产量比,虽说日本的核能应用是处于国际原子能机构监管下的[17]，对燃料棒的异常应有一定的监督，然而从近期日本核事件的过程中看，国际原子能机构对核电站的详细情况并不完全了解，和日本官方的交流也不是非常顺畅，并不,在核反应堆里面，新生成的钚239还会继续吸收中子形成钚240，这样最终提取出来的钚里面会含有相当量的钚240（还会含有一定的钚238、钚241、钚242等等），而钚240会发生自发的裂变反应，放出中子",7人支持
为什么长期从事户外活动的人会显得比实际年龄大不少？,http://www.guokr.com/question/12877/,"此表由欧莱雅中国研发和创新中心根据世界卫生组织资料编制[6],[1] 世界卫生组织：紫外线暴露,紫外线包括短波紫外线（UVC，200-280nm），中波紫外线（UVB，280-320nm）和长波紫外线（UVA，320-400nm），其中UVC在进入大气层时就被臭氧层隔离，只有UVA和UVB会辐射",14人支持
大地震为何会增快地球自转速度？,http://www.guokr.com/question/12665/,"比如海洋潮汐，海水的摩擦作用使地球自转每百年变慢约千分之一秒；又比如季节变化，冰雪尤其是冰川的增厚和消融调整水的分布，使得秋天的地球比春天的地球要快大约千分一秒（相比之下，1微秒不过是百万分之一秒而已,6微妙的加快是不是永久并不重要，反正它很快就会淹没在别的因素导致的自转速度改变之中,除了地壳运动，很多因素都会影响地球自转",6人支持
杨梅最好的部分都是虫？,http://www.guokr.com/question/12122/,"果蝇其实大家都见到过，夏天厨房的垃圾桶上空常常飞舞着的那些很小的飞虫就是果蝇,果蝇的幼虫并没有特别的毒性，万一不小心吃下去也不会有太大的危害,不过有一些其它的治虫手段，比如用药物对杨梅园进行除草、清理落果，以减少周围果蝇生存的条件；或者向地面喷烟以熏杀果蝇成虫；或使用诱饵来诱杀成虫等",17人支持
为什么我一见强光就会打喷嚏？是所有人都会这样么？,http://www.guokr.com/question/9593/,"当眼睛接受的光刺激信号过于强烈时，刺激信号通过三叉神经传到了大脑，而大脑却“误以为”信号是来自鼻腔的，判断是鼻腔侵入了异物，因此引发了打喷嚏的反射,此外，有些人进行眼眶周围的注射时，也会发生打喷嚏的情况；有些人吃了味道特别浓的东西时，尽管受到刺激的是味觉而非嗅觉，也会发生打喷嚏的情况,与这种状况类似的现象还包括：拔鼻毛时会流眼泪，这是因为产生在鼻腔的刺激信号反过来被大脑“误以为”来自眼睛，因此分泌泪水冲刷眼睛中的“异物”",20人支持
听说早上跑步对身体有害是真的吗？那一天什么时候跑最合适呢？,http://www.guokr.com/question/9537/,"而根据人体生物钟调节原理，身体的适应能力及体力的调动发挥均以下午和接近傍晚（约4点到6点）最佳，此时绝大多数人精神平静稳定，体力充盈，技术活动的灵活性、协调性、准确性及适应能力均处于最佳状态，因此在这,如果真要说什么时间跑步最好，那么最受推崇的当属上午9点到10点和下午4点到6点这两个时间段,而最佳锻炼时间应在运动生理机能最佳时，此时体力、灵敏度及适应力都达到最高峰，心率血压上升最平稳，进行体育锻炼对健康最有利",90人支持
5倍深度睡眠的APP靠谱吗？,http://www.guokr.com/question/9110/,"经过一番平静的深度睡眠之后，大脑再度开始活跃，从N3期回到N2，然后进入脑电波频率高、活动较活跃的“快速眼动期”（Rapid eye movement sleep，REM）,在经过一个较长的过渡期N2之后，我们进入了脑波最慢的N3期，也就是所谓的“慢波睡眠”时期,这一时期的脑电波活动比刚睡着时的N1期还要活跃，甚至接近清醒时的状态",16人支持
牛奶危害健康 是真的吗?,http://www.guokr.com/question/4438/,"更何况，喝牛奶并不会导致IGF-1明显升高，因为牛奶中的IGF-1与人体自身含量相比非常低,对于两个被提及次数最多的癌症风险，FDA经过参考科学研究结果而提出结论：IGF-1不是男性前列腺癌风险升高的原因；也没有任何证据表明IGF-1与乳腺癌有任何直接关联,5L牛奶，即使其中的IGF-1全部被吸收，血液中的IGF-1也只增加了2ng/ml左右，而成人自身产生的IGF-1就有100ng/ml（儿童因为处于发育阶段，自身产生的IGF-1含量更高）",9人支持
睫毛，眉毛掉了还会长出新的来吗？,http://www.guokr.com/question/4019/,"人类不仅有可以生长很长的头发，而且更重要的是，人类其它部位的毛发相比灵长类的别的动物来说，却都退化掉了,3，还有一种影响不是很广的水猿假说，它认为：人类起源于一种半水生的猿类，体毛退化是适应游泳生活的结果，而长头发对水生生活则是有好处的，比如小原始人可以拉着妈妈的头发游泳之类的,头发的特点是：生长期很长，2-3年，甚至最长可以到7年；之后停止生长，经过一个短短的3个月左右的休止期之后，就会脱落",42人支持
左侧睡眠真的有害吗？为什么医生建议孕妇用左侧睡眠？,http://www.guokr.com/question/4003/,"如果因为在某种疾病方面的研究而强迫自己改变睡姿，就会陷入无所适从的境地：研究发现，右侧睡可能会加重胃食管反流患者的病情；仰睡对于睡眠呼吸暂停的患者来说十分不利；而对于婴儿，俯卧则是新生儿猝死综合症的风,一项研究发现：患有心力衰竭的病人在夜间会自动调整睡姿向右侧，而正常人则观察不到这个现象[2],对于健康人来说，左侧或右侧睡时的心率和血压不一定有区别",52人支持
冷水洗脚好不好？,http://www.guokr.com/question/3965/,"也就是说，冷空气、冷水洗脚等生活习惯等，可能会使病情加重，但不会“无中生有”地引发类风湿性关节炎,一份研究指出：湿冷的气候可能会影响类风湿性关节炎患者的疼痛程度，但不影响疾病本身,但是现代医学研究认可的类风湿性关节炎的风险因素主要包括四个方面：性别，女性发病高于男性；年龄，40-60岁为高发期；遗传因素；是否吸烟[2]",22人支持
一束光在镜面材料的封闭盒子中，打开盒子会眼前一亮么？,http://www.guokr.com/question/3858/,"我们可以设想，如果光线经过每次反射后，能量都没有损失，也就是反射率达到100%，那么光线就会被“封闭”起来，发生题目里所说的“打开盒子时眼前一亮”的现象,就算你是8个9反射率的镜子（8个9这种数字只在加工高纯硅的时候能出现吧……反射率可以说不可能到），1秒钟后也只剩下5%了,999999%的昂贵材料，如果用这样的材料做一个盒子，果壳网就破产了……实际上，生活中的普通镀银镜子的反射率只有80%",16人支持
高压电线接触到车身，请问碰到车身会触电吗？,http://www.guokr.com/question/3786/,"我们假设接地中的汽车是一个良好的导体，电流是从汽车表面流入大地的，而汽车的内部则形成了一个法拉第笼——也就是说，汽车内部处于静电屏蔽状态，没有电场线穿过汽车内部，无论接触哪个部位都不会形成电流，因此人,我没看过你说的这个节目，但是从你的描述分析，高压线碰到车身，明显已经发生了电网接地事故（无论是单相、两相、三相接地），此时在毫秒级的时间尺度中，线路两侧断路器已经被保护装置跳开，所以线路中不会有电能量,“因为输电线路的两端一般都装有继电保护装置，用于线路上发生各种事故故障时，保护装置能够快速动作从而跳开线路两端断路器（工程上一般为毫秒级），避免事故扩大，造成不必要的人身伤害和电网损失",7人支持
西藏是否存在传说中的地球轴心？,http://www.guokr.com/question/3550/,"也就是说，传言里所谓的“二战形势危急，希姆莱派出第二支探险队”的那个时间（按照传言提供的时间是1941年-1943年），奥夫施耐德和哈勒正在英军的隔离营里关着呢,历史上，确实有一支纳粹赞助的探险小队去过西藏，但他们并不是去寻找什么“地球轴心”，而是另有原因,二战中的纳粹一方自称“轴心国”，这一说法起源于柏林和罗马处于同一经度线上，其连线被墨索里尼称为“轴心”，与“地球轴心”也没有联系",5人支持
零度可乐里的代糖“阿斯巴甜”真的对人体有害么？,http://www.guokr.com/question/3541/,"科学松鼠会的云无心在去年的一篇《零度可乐的是非》里也提到了阿斯巴甜的食品安全性问题，他指出：“阿斯巴甜早在1965年就被发现了，不过因为身上的‘人工合成’的标签，一直受到各种各样的怀疑——尤其是致癌的,对阿斯巴甜争论史有兴趣的同学们不妨深入研究Wikipedia里的Aspartame controversy词条，至于可乐，大可不用担心其中的阿斯巴甜，按照自己的习惯去喝就好了,不仅是理论上的推断，很多实验表明，阿斯巴甜在正常剂量下无法导致神经毒性作用[4]，也并不致癌[5]，只有苯丙酮尿症患者不能食用，因为阿斯巴甜的代谢产物中包括患者禁食的苯丙氨酸",38人支持
在宇宙，如果人不穿宇航服会变成什么样？,http://www.guokr.com/question/3523/,"你不会爆炸，血液不会沸腾，你不会冻死，也不会马上失去知觉,总结起来，不穿宇航服暴露在外太空是很危险的，主要危险来自失压、缺氧（窒息）和阳光辐射，必须在 90 秒之内恢复环境压力,由于你的皮肤和循环系统的包容功能，你不会爆炸，血液不会沸腾",52人支持
和中国相同纬度的国家，人们也穿秋裤吗？,http://www.guokr.com/question/3497/,"莫斯科的气温与北京接近，有时候甚至更冷一些，但是去过莫斯科的人都感觉那里更暖和——因为在莫斯科，中央供暖可以把室内温度维持在25℃上下，这比北京的18℃要高出不少，而且莫斯科有着温暖而高效的地铁系统；,所以公平起见，我们选出了一些冬季平均气温相近的城市：北京的冬季温度与俄罗斯海参崴和莫斯科、芬兰北部一些城市、加拿大魁北克和蒙特利尔地区、冰岛雷克雅未克、以及美国底特律、安克雷奇大体相当——看上去就很冷,和同纬度国家比寒冷，其实对国人很不公平——从上面的全球一月份平均气温分布图中，我们可以发现，受西伯利亚南下冷空气的影响，我国北方大部分地区的温度要明显低于同纬度其它地区",167人支持
为什么有时候感觉事件曾经经历过？,http://www.guokr.com/question/6625/,"再认记忆分两种情况：第一种是“回忆”（recollection），你确实能够回想起以前经历过的那个情境；第二种则是“熟悉”（familiarity），你仅仅对眼前的事物有一种熟悉的感觉，但没法确定它的,此时此刻，坐在这个朋友对面，周围的一些线索与你记忆深处那些相似场景的特征（比如昏暗的灯光）匹配起来，产生了一种熟悉的感觉，使得你的大脑自动将眼前的场景判断为曾经经历过，从而导致了“昨日重现”的体验,还有一种可能是，你对于他的面孔有一种熟悉的感觉，却怎么也想不起来具体在哪里见过；不过基于这种熟悉感，你也会认为自己曾经见过他",64人支持
瘦骨男怎样科学增肥？,http://www.guokr.com/question/6579/,"肠胃功能健全才能有好的吸收和消化，少食多餐、均衡饮食对于消化功能低下的人来说非常重要，因为一餐吃得太多往往不仅不能有效吸收，反而会造成肠胃负担,就好比一些人喝凉水都会胖，另一些人却无论怎么吃，体重都不增加；或者虽然短时间内能胖个几斤，很快又会恢复“骨感”,由于遗传因素等的影响，一些人消化吸收功能低下，或者是机体热量的消耗远远高于正常人，摄入少或是消耗快，无论如何都是难以胖起来的",40人支持
为什么我一旦集中精力的时候（如上课）就会不断打哈欠，想睡觉？,http://www.guokr.com/question/6545/,"从上述分析过程来看，很有可能两者（“需要集中精力”和“想睡觉”）是由共同的某个原因（“工作本身很枯燥”）导致的，甚至有可能后者是前者的原因（因为“想睡觉”，所以才“需要集中精力”）,在这篇果壳问答：《为什么人无聊的时候就会犯困》中，我们讨论了睡意产生的几个重要机制，包括：大脑活动减少的影响、大脑特定区域的主动控制、交感神经和副交感神经的活动等等,当我们做自己喜欢的事情（例如玩游戏、看一本有趣的书）的时候，往往会连续集中精力好几个小时，那时候我们可一点都不会觉得犯困啊",5人支持
女性是从什么时候开始“胸部不可外露”的？,http://www.guokr.com/question/6437/,"因此，女性遮挡胸部的行为，可能和人类遮挡私处一样，具有降低性刺激、减少内耗的意义,科学作家莫利斯在《裸猿》一书中提到：人类女性膨大的乳房仅用哺乳功能来解释是不够的，因为其它灵长类动物并未进化出这种膨大的乳房，却也能提供充足的乳汁,也有一些理论认为，人类女性乳房的发育是伴随着年龄增长而进行的，在早期人类社会，乳房可以作为性成熟的标志",7人支持
火箭变轨,http://www.guokr.com/question/6230/,"其实，这其实和枪炮的后坐力的产生原理是一致的：火箭的推进剂在燃烧仓里剧烈燃烧膨胀，使得燃烧仓里具有很高的压力，而此时燃烧仓只有在火箭尾部有开口，所以这个时候压力是不平衡的，根据下面的原理图，我们可以很,蓝色箭头方向无压力，红色箭头方向所受压力互相抵消，只有绿色箭头方向为火箭受到的合力,根据这个式子，我们可以发现在真空中，没有任何外力的作用下发射火箭（即P0=0的条件下），因为推进剂的燃烧产物（水蒸汽、二氧化碳等）会随着火焰被以极高的速度抛出，所以火箭依然可以获得很高的速度：",6人支持
为什么人会不自觉的抖腿？,http://www.guokr.com/question/6159/,"分辨抖腿属于“疾病性的”还是“非疾病性的”，主要是看以下几点：不宁腿综合症的患者无法自己控制抖腿行为，抖腿同时伴有强烈的疼痛、灼烧等不适感，还常有腿部痉挛现象，而且这种状况常在夜间发生,从这个意义上来说，抖腿可以让下肢肌肉略微动一动，在一定程度上是可以避免腿麻的现象,甚至有人会把异性抖腿当做性暗示……有鉴于此，建议大家还是努力将它戒掉吧",108人支持
慢性结膜炎如何根治,http://www.guokr.com/question/6142/,"医学上对结膜炎的治疗须针对病因进行，例如对于不同类型的感染（细菌、病毒、真菌等），所用的药物也不同,说到“根治”，大多数类型的结膜炎愈合后不会遗留并发症，但也有少数会因并发角膜炎症而损伤视力,感谢果壳网友、八爪网创始人、@kiwi 为此问题提供资料",7人支持
这样算是强迫症的一种么？？,http://www.guokr.com/question/6129/,"最重要的是，如果不带纸巾，你只是感到“没有安全感”而已，而强迫症患者则会出现不可抑制的严重焦虑情绪,带纸巾并不是出于焦虑，而是你的一种“有备无患”的正常心理,不带纸巾确实经常给我们的生活带来不便，这种担心不是多余的、不切实际的或者极端的",5人支持
对电学之类完全是小白的人怎样才能达到制作机器人的水平？,http://www.guokr.com/question/6115/,"果壳 DIY_ 站有很多制作机器人的文章,此外，你需要熟悉一些基本的传感器，比如红外对管、光敏电阻、微动开关、温度探头，以及一些基本的执行元件，比如直流电机、步进电机、伺服电机（舵机）（舵机应用教程可参考此文：《DIYer修炼：舵机知识扫盲》,参考果壳 DIY_ 的文章可以作为入门手段之一",5人支持
每天都喝咖啡有害健康吗？,http://www.guokr.com/question/5920/,"这表明咖啡对健康的作用是一个十分复杂的问题，多种因素，包括咖啡种类、每天饮用量、咖啡制作方式、饮用者年龄等，都会影响咖啡与健康的关系,咖啡并不适合所有人，肝脏疾病患者、消化系统疾病患者、孕妇、儿童等人群是不建议饮用的，老人也应少喝,5g-10g的咖啡因，才会达到产生危险的剂量，这相当于短时间内饮用了75-100杯特浓咖啡",14人支持
原子弹爆炸中心产生的上亿度高温是怎么测算出来的？,http://www.guokr.com/question/2480/,"在物理中常用电子伏特作为能量单位，1电子伏特的能力对应的温度为7740开尔文（约7170摄氏度）,针对核爆，我们并没有办法去直接测量其中心温度，而是通过测量核爆时释放出来的高能粒子，比如高能光子的能量来反推出中心各粒子的温度的,考虑到不同粒子的动能有所不同，有些粒子的动能远大于其他粒子，计算发现，核聚变温度只需要达到约10keV，或者说1",13人支持
不吃早饭是不是容易得结石？,http://www.guokr.com/question/2375/,"浓缩后胆汁中的胆红素浓度增加，它本身刺激胆囊壁发生非细菌性炎症；胆汁胆盐的被吸收和相对减少，造成过多胆固醇的析出，形成胆结石，结石刺激和阻塞胆囊管均可引起胆囊炎；胆管内是蛔虫卵和蛲虫卵很好的寄生环境，,正常情况下，胆汁经过一夜的贮存，已使胆囊涨满，早晨起床时已是人们一昼夜中胆囊最大、胆汗最浓的时刻，此时最应吃饱而且吃好（吃富含脂肪和蛋白质的食物），不仅为一天的工作补充精力，也使胆囊松弛一下,“胆囊不但贮存胆汁，而且吸收胆汁中的水分和无机盐，使胆汁浓缩1/4-1/10，从而更增加了它的贮存功能",76人支持
痛经时喝红糖水是神马道理？,http://www.guokr.com/question/2208/,"我们认为，安慰剂效果和热敷效果是两种比较可靠的科学解释，除此之外，我们检索了相关科学文献，并没有找到任何一篇文献能够证明红糖本身对痛经具有可验证的治疗效果,所以现今我们只能这样解释：如果红糖水能够缓解痛经，那或许是安慰剂的效果；或许是喝热水的效果，和热敷类似,“一些女性习惯在经期煮生姜红糖水喝，这种民间的方法流传已久，甚至在各大超市都能看到卖生姜红糖冲剂的",10人支持
手指甲的白色月牙，到底是什么？,http://www.guokr.com/question/2080/,"指甲上的白色月牙，其实是往外生长指甲的组织，医学上称为甲基,“月牙”的颜色会因为一些疾病而发生变化，医学上作为这些疾病的诊断征兆之一,指甲细胞随着向前生长会变硬、变透明",59人支持
从科学的角度看，叠被子好还是不叠被子好啊？,http://www.guokr.com/question/2054/,"这是一个非严谨、非科研的三段式推论：螨虫生存需要潮湿环境；不铺床可以保持床垫干燥；所以不铺床可以杀死螨虫,研究旨在模拟建筑中的温度和湿度控制对螨虫数量的影响，目的在于帮助建筑设计人员合理设计室内的通风和除湿设备来降低湿度，从而使螨虫的数量降低,“不叠被子有益于健康”，这个说法其实是对一项科学研究的误读",11人支持
女人生孩子后不会再痛经，真的么？,http://www.guokr.com/question/2040/,"）“前列腺素”由脱落的子宫内膜细胞所释放，它可以引起子宫收缩,痛经的原因，主要认为是子宫内膜脱落时释放的“前列腺素”,（这个名称其实是误称，前列腺素并非由前列腺所分泌，而是由身体内多种器官分泌，包括子宫",22人支持
到底什么叫上火？,http://www.guokr.com/question/1972/,"即使在中医里它也同样是一个笼统的概念，是多种症状群的总称，它涉及到的具体症状，这些症状都有不同的病名（如口疮、便秘等），而没有叫做‘上火’的疾病,文中提到：“‘上火’是中医对许多症状的一个笼统、模糊的说法，因素很多，因此在现代医学中不可能找到对应的称呼,[1] 《上火",57人支持
手机靠近喇叭发出的滋滋声是神马？为神马3G手机没事？,http://www.guokr.com/question/1944/,"而CDMA手机采用的主要是基于码分多址（Code division multiple access，CDMA）的通信技术[3]，区分各个频道不再依靠频率和时隙等方法，因此它的信号是连续的，不会有类似G,因为GSM是把多部手机放在一个频率下通信，为了避免同时发信时造成干扰，GSM把时间分隔开，分配给每部手机，手机只有在分配给它的时段内才能收发信号[1],正常来说，手机信号是900MHz、1800MHz等频率下的高频电磁波，这种电磁波是不会干扰音箱、产生人耳能听到的声音的",52人支持
火灾中聚氨酯燃烧产生的氰化氢，是致死的元凶吗？,http://www.guokr.com/question/1920/,"对这个问题，首先，聚氨酯燃烧时释放的气体主要是一氧化碳和含氮氧化物；只有在氧气不足的燃烧情况下，才会因为遇热分解，产生氰化氢,在比较试验中，研究人员发现，关于燃烧产生的烟雾的毒性，聚氨酯泡沫和不含氮的材料是相似的；合成材料和天然材料也是相似的,在4000例试验中，有92%的死亡由一氧化碳导致；2%是由于氯化氢气体；2%原因不明；只有4%是涉及到氰化氢——还是在一氧化碳的共同作用下",8人支持
为防止火灾，建筑材料聚氨酯是不是要全部拆除？,http://www.guokr.com/question/1919/,"现阶段，完全不使用聚氨酯保温材料并不现实，更重要的是，正确的使用方式可以将风险降低到安全限度内,结论是，我们既不能简单的说聚氨酯是安全的，也不能贸然认为它就一定是定时炸弹,不过，这并不意味着我们居所周围的聚氨酯保温材料就一定会成为“定时炸弹”",16人支持
为什么我小时候特别爱吃甜食，现在就不太爱吃了？,http://www.guokr.com/question/987/,"初级味觉来自人脑对味觉以及食物质感的直接感知，例如蛋糕的甜味、肉的香味等；而次级味觉要复杂得多也深刻得多，它来自味觉、视觉、嗅觉、触觉等一系列对食物的综合感知和记忆，例如我们不用尝到苹果，只要看到或听,说到这个问题，我们首先需要谈谈人对味觉感受的两个层次：初级味觉和次级味觉,这种发腻的不良感觉屡次发生的话，就会慢慢改变人脑中关于甜食的次级味觉记忆，让甜食不再引发愉悦的情绪",5人支持
关于饼干。。。弱问~~,http://www.guokr.com/question/975/,"否则的话，冰箱里的其它食物、外界空气的潮湿度，以及开门的次数都会影响饼干的保存,所以冰箱的冷藏室总会湿湿的，而冷冻室总会结霜，这都是由于食物和外界空气带进了水分的缘故,这种情况下，“裸放”的饼干就会由于水滴在表面凝集，而吸水变软",6人支持
那些动物会得心理疾病呢？,http://www.guokr.com/question/967/,"有人认为目前还没有足够的证据把动物的这些行为称作“精神疾病”（或者如提问中所称的“心理疾病”），毕竟我们不能让动物亲口讲述一下它们的心理状况,而对于其它动物，例如动物园里被关着的老虎熊猫，以及我们家养的小猫小狗，还不可以把它们的问题称作“心理疾病”,科学家发现在被监禁的灵长类动物，例如类人猿中存在一些反常行为，包括刻板动作、自我伤害、错乱的恐惧与攻击情绪、缺乏交流行为、获得性无助等等",5人支持
为什么人类没有明显的发情期呢？,http://www.guokr.com/question/920/,"而人类和少数几种动物（例如长尾黑颚猴，Vervet Monkeys）选择了隐藏自己的排卵期（之所以说隐藏，主要是指男性很难从外观上感知女性的排卵时间）,“通奸假说”认为女性隐藏排卵期有助于他们与基因更优秀的男性交合并从她的后代中得到优势基因的好处，而这一切建立在不破坏现有的“夫妻关系”上的,该假说认为，女性隐藏排卵期，使得男性不得不多次与同一名女性交媾以确保自己留下后代，而不是选择与更多的女性发生关系",55人支持
没电的电池为什么晃晃、咬咬就有电了呢？,http://www.guokr.com/question/842/,"它有个缺点就是反应不完全：化学原料还剩下一些，但是接触不到，发不出电来,就算再怎么咬，也不会对提高电量有帮助的,而如今生产的电池，不仅性能提高，而且反应完全，没电了就是真的没电了，再严刑拷打也没有用的",8人支持
冬天怎么防静电？,http://www.guokr.com/question/841/,"减轻放电痛苦的一个有效方法是扩大接触面积：果断地用整个手掌去开门会比小心翼翼地用指尖碰门把手效果好很多；另一个好办法是握着钥匙碰触金属物体完成放电，这样电流通过的面积由原来的一个点扩大到了整个手指和钥,冬天多穿纯棉衣物是一个好的选择，因为棉质衣物比羊毛、化纤衣物产生的静电少很多；穿含有细金丝的毛料衣物也能起到很好的防静电作用，因为导电的金属丝可以将人体和接通，使二者之间产生的相反电荷被中和掉,人体静电的电量虽然不高，但是却往往能产生很高的电压，在指尖即将接触其它物体的那一瞬间很可能会发生尖端放电现象——噼啪作响，伴随着火花",52人支持
激素类药物到底会不会对人体有负作用呢？,http://www.guokr.com/question/837/,"原因在于：首先激素本身是能由小剂量引起大效应的，剂量上就很难控制；其次外部摄入可能会导致体内激素调节水平的变化而引起其他副作用；第三激素的长期使用可能导致依赖症，必须考虑停药反应的风险,因此看问题不能一刀切，病人的病情、激素的种类、给药时间、剂量及给药方式都会影响药物的副作用,如果权衡下来利大于弊，那么用药就是值得的；反之，弊大于利，那么用这个药就不合适",11人支持
放了两年的薯片还能吃吗？,http://www.guokr.com/question/811/,"再加上很多薯片中还添加有抗氧化剂，因而很难被氧化发生酸败,“哈喇”掉的油，脂肪酸被氧化产生酸、醛、酮等多种化合物，可能有致癌性，所以这样的食物就不能吃了,一般的食品在长期存放中，可能会因微生物生长而发生霉变",24人支持
为什么哺乳动物的器官有的是一个，有的是一对？,http://www.guokr.com/question/807/,"随着演化进程，生物的对称性有逐渐降低的趋势：从辐射对称发展到两侧对称使得生物的身体明显地区分前后、背腹，从而使得身体的不同部分有条件发展出相应的功能——例如说背面发展出防御保护功能；腹面进化出运动功能,其中内胚层分化成原肠及其衍生物，包括消化管的内层上皮和消化腺（胰脏、肝脏、胆囊、胆管）、气管和肺的内层、膀胱和尿道内层以及多个内分泌腺体；外胚层主要分化为表皮以及神经管等；中胚层的任务最重，需要分化出,我们不难发现，大部分中胚层分化出来的器官都是成对的；而诸如大脑、脊髓、胰脏、肝脏、消化道等较大的只有一份的器官，大都来自外胚层或者内胚层",23人支持
每次用棉签掏耳朵时，为啥都想打喷嚏呢？,http://www.guokr.com/question/774/,"而耳道内的迷走神经由于和咽喉处的相连，有时会触发“假情报”,其中咽喉黏膜处的迷走神经十分重要，当异物入侵这里时，迷走神经会向大脑发出信号，引起咳嗽、打喷嚏的反射，从而将异物清理出去,进一步还会引发打喷嚏，来清除咽喉处并不存在的“异物”",8人支持
猫能认出镜子里的自己吗？,http://www.guokr.com/question/768/,"镜子实验在灵长类之中的研究十分深入和复杂，对猩猩、黑猩猩、大猩猩、红毛猩猩等高等动物，已经可以对比并揭示它们的“自我意识”所发展的程度 [1],一些聪明的动物，比如黑猩猩，在看到镜子中的自己脸上有脏东西时，会懂得对着镜子清理，这证明它们确实认出了镜子中的动物是自己,一些科学家指出：就算猫真的认不出镜子中的自己，也不能由此说明猫的智力水平低或者缺乏“自我意识”",14人支持
动物吃自己的粪便是为什么？,http://www.guokr.com/question/767/,"一些昆虫，例如蜣螂（屎壳郎）和苍蝇就可以依赖粪便中的养料维生；而一些大型哺乳动物，例如猪，也可以只靠吃马粪甚至人粪过活（当然，这可能导致多种寄生虫病的发生，所以在现代家猪养殖过程中，粪便被严格地剔除出,除了半消化的纤维素外，粪便中微生物的新陈代谢产物可能也是重要的营养成分，必需氨基酸、维生素B、维生素K等等都是食粪的理由,有一个比较惊悚的案例，人如果肠内菌群严重失调的话，需要通过食粪加以治疗，当然，随着科技的进步，药方逐渐被粪便提取物或者各种人工培养的菌株代替了",19人支持
在台风中引爆核弹会怎样？,http://www.guokr.com/question/754/,"有人计算过，要将一个台风眼直径为 20 公里的五级飓风减弱成二级飓风的话，需要填入5亿吨的气体 [1]_ ，根据质量守恒定律，这至少需要一颗自重 5 亿吨（而非当量），且能够完全气化的炸弹,5 公里的半径虽然不小，但相对于台风 400~1000 公里的直径而言实在是九牛一毛，甚至连直径 10~70 公里的台风眼也不一定填得满,原子弹的能量不足是最重要的问题，美国国家海洋和大气管理局（NOAA）的Christopher Landsea指出 [1]_ ：“任何一个成熟的飓风（北大西洋的飓风、北太平洋的台风与南半球的气旋只是人们",54人支持
为什么地铁不能像公交车那样一个门上车一个门下车呢？,http://www.guokr.com/question/753/,"显然，对乘客而言前门上后门下是一种不经济的选择,高峰时期，短途搭乘的乘客能否在地铁运行的短暂时间里从上车门移动到下车门的确是个问题,而且，地铁在车站停留的时间十分短",34人支持
张翠山与殷素素在冰火岛生活了那么多年，为什么只生育了一个张无忌？难道他们会用鱼鳔做安全套不成？另外他们长年吃不到半点蔬菜，为什么不会得坏血病？,http://www.guokr.com/question/809/,"这种血型的孕妇怀有Rh阳性的胎儿时，第一胎一般不会出现问题，但从第二胎开始，就极易发生严重的新生儿溶血,这种抗体对母亲自身来说没有危险，但如果再怀第二胎，抗体就有可能透过胎盘屏障进入胎儿血液，导致新生儿溶血,在怀有第一胎时，由于有胎盘屏障阻隔，母亲和胎儿的血液并不会直接接触",31人支持
猫呼噜呼噜的时候一定是高兴吗？,http://www.guokr.com/question/688/,"但是也经常观测到猫在紧张状态下（典型的例子是被带去看兽医时），以及在受伤、疾病、疼痛等情况下发出呼噜呼噜的声音,一些科学研究发现，猫呼噜呼噜时，声音的振动频率（主要在25-150Hz之间）对于猫有很多生理上的好处，例如可以促进骨的发育、帮助骨损伤恢复、缓解疼痛等,但是我们确实观测到一些普遍现象，例如：猫在呼噜呼噜时，伴随着眯眼睛、摇尾巴等动作，并且会对外界的轻微干扰置之不理",15人支持
人类最佳身高是多少？,http://www.guokr.com/question/808/,"这个问题要看这里的“最佳”究竟是指最适合生存、还是最符合我们的文化对身高的评判,因此，我们并不能以最适合生存为标准，评断出一个“最佳身高”,自远古时代以来，人类的生存环境一直在变化，“最适合的身高”也一直在改变",36人支持
电动车更环保？何解？,http://www.guokr.com/question/1114/,"非要对二者分个高下的话，我们参考了国内电动车充电系统领域专家的意见，专家认为电动车的能源利用效率略高，比燃油汽车高3%左右,但其实我们更关注的是在非轨道交通领域，电动自行车、电动汽车和烧汽油的传统汽车、摩托车相比，究竟谁更环保,综合比较起来，电动车在能源利用和污染排放方面均比传统的燃油车辆略具优势",12人支持
所谓“粘性”是怎么产生的？,http://www.guokr.com/question/1113/,"一般情况下，两个光滑表面金属之间的“粘性”，是大气压力和分子间作用力共同作用的结果,胶分子本身的结合力、胶与物体之间的亲和力，本质上来说，都是分子间的作用力,一般用来做成“胶”的材料，有些是分叉的高聚物分子，这些分子之间可以相互纠缠在一起（比如淀粉糊糊就是这一类型的胶）；也有些是长链分子，上面具有较强相互作用的基团（比如一般的胶水就是这种类型的胶）",8人支持
红糖成本低但是比白糖贵是什么原因？,http://www.guokr.com/question/1112/,"但由于红糖没有国家储备和地方储备，国外产红糖的国家又极少，因而如果遇到供不应求的年份，国家没有办法像对待白砂糖一样通过向市场抛售储备糖或加大进口量来平抑糖价，这时红糖的批发价格也可能会超过白糖,1，作为生产企业，红糖的销售量远远小于白砂糖的销售量，所以生产红糖的资金流转比较慢、固定成本（例如进入超市要缴纳的费用、生产企业的各类固定成本分摊等）相对较高,红糖的生产成本是比白砂糖要便宜一点的",68人支持
彩条牙膏的原理是什么？,http://www.guokr.com/question/1111/,"从图中可以看出：膏体横断面被划分为面积不等的几个部分,这些不同颜色的膏体通过位于中心的小口挤出，自然就会呈条状分布,在果壳网DIY主题站的一个讨论帖中，网友提供了彩条牙膏膏体的解剖图（原帖请点击这里）",16人支持
鸡蛋可以孵出双胞胎小鸡吗？,http://www.guokr.com/question/1110/,"如果“双黄”中只有一个卵子受精，那么只能孵出一只小鸡,一般认为，同卵双胞胎的DNA是完全一样的（一个受精卵分裂成两个，再分别发育成胎儿），两人的关系就象是克隆的一样,另外在啄壳的过程中，小鸡需要时不时的变换身体的姿态以改变啄壳的角度，而双黄蛋中的两只小鸡几乎占据了蛋中所有的空间，不要说变换姿态，就是动上一动都是一件无比艰难的事情",31人支持
电话机真的可以用嘴巴模拟拨号音来拨号？,http://www.guokr.com/question/1109/,"理论上，找两个音感非常准的音乐家，同时唱出表中数字对应的两个频率（唱什么歌词倒无所谓），机器就会认为这是一次拨号,我们不能对着机器念电话号码，机器听不懂，所以电话机必须用一个统一的格式，把数字转变为声音来传送,电话拨号，本质上就是把一串电话号码发到电信局，电信局再根据这串号码给你转接别人",18人支持
鸡蛋不新鲜，蛋黄就会偏在一边吗？,http://www.guokr.com/question/1057/,"蛋黄两侧存在着两条叫做“卵黄系带”的结构，“卵黄系带”沿着鸡蛋长轴方向，是一种浓厚的不透明带状物（见图），经常下厨的同学们可能曾经看到过,新鲜的卵黄系带很粗且富有弹性，它一端连接着蛋黄，一端固定在蛋壳膜上，可以把蛋黄牢牢地固定在鸡蛋的中央,但是随着储藏时间的延长，卵黄系带会受到蛋清内的酶的作用而发生水解，逐渐变细变脆弱甚至完全消失 [1]，蛋黄也就漂浮到蛋的一侧",19人支持
“十八猜”有最优解吗？,http://www.guokr.com/question/1039/,"当我们构造出一个信息熵最大的概率分布时，可以认为我们得到的信息量最大，也就能帮助我们更快猜出答案,对于一个问题来说，要尽量使回答是与否的概率都相等，这样才能更快地缩小范围，最终猜出答案,十八猜是我们茶余饭后常玩的游戏，有经验的同学都知道，这个游戏最固定也是最有效的猜题模式就是二分法",7人支持
为什么裸体会有羞耻感？,http://www.guokr.com/question/1023/,"生殖崇拜在早期人类社会中占有极为重要的地位，私处作为生殖行为的象征，受到普遍的尊重和保护,外生殖器裸露产生的性刺激会增加争斗行为等内耗，不利于群体的稳定,我们认为，人类“遮挡私处”的行为，在人类演化以及行为发展的过程中可能具有多重意义",11人支持
异地恋靠谱吗？,http://www.guokr.com/question/1003/,"这项调查分别比较短距离恋爱（Proximal Relationships）和长距离恋爱（Long Distance Relationships——这是英语里对“异地恋”的称呼）在建立关系后一年之内的各,一种合理的研究方法是随机选择一定数量的调查对象，调查他们上一段恋爱经历，将他们分为异地恋组与同城恋组，并记录恋爱持续的时间以及是否已分手等情况,这家名为“长距离恋爱研究中心”（The Centre for the Study of Long Distance Relationships）的机构并非学术研究机构，其网页已关闭，因此原始统计资料已",31人支持
转基因农作物的发展历史是什么？是否有害健康？,http://www.guokr.com/question/3309/,"2009年，Seralini及其同事再次把欧盟转引的美国孟山都公司的实验数据重新做了一个粗浅的统计分析，在2009年第7期《国际生物科学学报》上发表文章，文中指出，食用了90天转基因玉米（抗除草剂玉米,1999年5月，评审报告指出普斯泰的实验存在失误和缺陷，主要包含六个方面：不能确定转基因与非转基因马铃薯的化学成分有差异；对试验用的大鼠仅仅食用富含淀粉的转基因马铃薯，未补充其它蛋白质以防止饥饿是不适,其中，广西种植转基因玉米之说，作者依据的材料是有网络报道称“广西已经和美国的孟山都公司从2001年至今在广西推广了上千万亩‘迪卡’系列转基因玉米”；广西大学生精液异常之说，则依据的是广西新闻网2009",8人支持
如果磁铁做成球状，磁极会指向哪里？,http://www.guokr.com/question/3307/,"球形磁铁的磁极位于球面的两个点上，因为磁极是磁铁上磁力最大的点，所以球形磁铁的磁极判断起来非常简单：只要拿两个球形磁铁，让它们自由地吸引在一起，接触点必然就是磁极,在非铁磁性物体以及未被磁化的铁磁性物体中，由于电子的旋转方向各异，产生的微小磁场会相互抵消，但是在铁磁性物体中，磁化过程使得这些不成对电子的旋转方向保持一致，所以这些微小的磁场得以叠加，所以能表现出宏,当然，对于地球这种巨型球形磁铁，只要用指南针就能成功地找到它的磁极位置了",14人支持
人在胚胎时期生活在羊水里，为什么出生后却不能在水中生存？,http://www.guokr.com/question/3186/,"胎儿出生前可以在羊水中生活，是因为这个时期，胎儿并不是用肺呼吸获得氧气的，而是通过脐带和胎盘，连接母亲获得氧气和营养并排泄废物,而出生以后，脐带断开，婴儿开始用肺呼吸来获得空气中的氧气，当然就不能再回到水中生活了,胎儿的肺从第14周开始也会有呼吸运动，但此时在气道中进出的都是羊水，并非空气",12人支持
为什么有的橙子里面有个小橙子？,http://www.guokr.com/question/3049/,"当ABE三个基因表达时，发育成花瓣（P）；当BCE三个基因表达时，发育成雄蕊（St）；CE表达时发育成心皮（C）；CDE表达时发育成胚珠（O）,在花的发育过程中，这些“叶”会特化，最外面那轮（第1轮）会成为花萼，第2轮会成为花瓣，第3轮是雄蕊，第4轮是雌蕊,如果D基因突变而丧失了作用，那么本来该发育成为胚珠（也就是后来的种子）的部分就因为只表达了CE基因，从而发育成额外的心皮",17人支持
亚丁湾星际之门事件之真伪？,http://www.guokr.com/question/2973/,"关于近期炒得很热的“亚丁湾星门”，果壳网专门进行了辟谣，请到谣言粉碎机查看关于这个事件的真相,它的第一个镜头是记者采访奥巴马对外星人的看法（奥巴马用一句玩笑话来回应），紧接着第二个镜头却像是一个新闻发布会场合，一个发言人摸样的人宣称要向“美国人民”公布“事实真相”,第三个视频是这次亚丁湾星门在中国火起来的重点，是一个名叫“卡特米洛工程”的组织对一个叫亚伦·麦科勒姆的人的采访",16人支持
磁铁里面的“能量”会消失吗？,http://www.guokr.com/question/2899/,"既然永磁体的磁性与其内部分子热运动有关，因而存在一个临界温度：在此临界温度以下，物体具有磁性；只要超过这个温度，磁性就会消失，并且降温之后也不会恢复，除非再次加入一个外部磁场产生磁性,当我们撤掉外部磁场时，有的物体在内部热运动下恢复到了小磁针杂乱分布的状态，磁性也就消失了；而有些物体此时的磁性抵抗了物质的热运动，因此“永久”具有了磁性,磁体分为硬磁体和软磁体，所谓的硬磁体是指天生具有磁性的物体，例如磁铁之类的，它们的磁极不会发生变化；而软磁体指的是电生磁体，这种磁体的两极可以随着电流的方向而变化",7人支持
西红柿是水果还是蔬菜？两者怎么区分的？,http://www.guokr.com/question/2667/,"但是在日常生活中，因为西红柿不像别的水果那么甜，主要用来制作咸的食物（西红柿面，for example）而不是甜的食物（有时也做，比如凉拌西红柿，但毕竟不多），而且也不像别的水果那样一般是生吃（有时也,官司打到最高法院，法庭一致裁定：尽管在植物学上，西红柿符合“水果”的科学含义，但关税法案应采用日常生活对“水果”和“蔬菜”的定义，因此认定：西红柿是蔬菜，需要交税,总之，日常生活对水果和蔬菜的划分并不是严格按照科学来的，而是有很多主观色彩",78人支持
假如哪天被强行抓进精神病院，怎么证明自己不是精神病…,http://www.guokr.com/question/2610/,"这个问题已经由果壳网谣言粉碎机进行了回答,详细的分析请阅读：《假如你被送进了精神病院……》,我们认为：一旦发现自己被强行送入精神病院，有效的办法是克制情绪，尽量减少和避免发生冲突；在适当的时候耐心与医生沟通；同时利用医院里的通讯设备，与可靠的亲友联系，并尽快联系律师，通过各种途径开展自救，避",3人支持
鸟、禽类是如何受精交配的？,http://www.guokr.com/question/2541/,"仅有少数种类，如鸵鸟、鸭、鹅、天鹅等有交配器官，它们的交配器官是泄殖腔腹侧壁突出的突起，类似哺乳类的阴茎,但鸟类的受精是采用体内受精的方式，通过两性交配产生受精卵繁殖后代的,当鸟类排卵时，正好遇到精子时受精，成为受精卵；如果没有遇到精子，就成为未受精卵",9人支持
九品芝麻官有一幕是用两滴血相容来验证是不是亲生的，这可信吗？,http://www.guokr.com/question/2515/,"红细胞膜上只有A抗原的为A型血，血清中有B抗体；红细胞膜上只有B抗原的为B型血，血清中有A抗体；红细胞膜上同时有A、B两种抗原的为AB型血，其血清中无A、B抗体；红细胞膜上只有H抗原为O型，血清中同时,举例来说：如果一滴A型血与一滴B型血滴在一起，A型血红细胞结合B型血中的A抗体而沉淀，B型血红细胞也会结合A型血中的B抗体而沉淀，这样便产生很多沉淀性颗粒,基因型是 IA IA 或 IA i 时，此人的血型便是A型；基因型是 IB IB 或 IB i 时，血型便是B型；基因型是 IA IB 时，血型便是AB型；基因型是 ii 时，血型便是O型",16人支持
痰和鼻涕有啥区别？,http://www.guokr.com/question/1426/,"感冒的时候，人会产生大量的“清水鼻涕”，这在医学上叫做“卡他症状”，它是由于鼻黏膜水肿和炎症因子刺激作用下，鼻腔分泌了大量液体,有些时候，鼻涕会经由口腔被吐出来，而如果恰好又是上述黄色粘稠的鼻涕，很有可能被误认为是痰——这也就是医学上所说的“假痰”,痰的颜色、量、粘稠度及是否含有泡沫等都可以作为疾病的判断依据，例如大叶性肺炎会有特别的铁锈色痰、肺水肿则可能会出现粉红色泡沫痰等",32人支持
为什么食腐动物不会因为饮食感染得病…,http://www.guokr.com/question/1301/,"红头美洲鹫（Cathartes aura，一种美洲秃鹫，典型食腐鸟类）、短嘴鸦（Corvus brachyrhynchos，又称美洲鸦，食腐肉）和郊狼（Canis latrans，一种美洲大型犬科动物,大型食腐动物具有较强的胃酸，这是它们可以抵御腐肉中微生物的原因之一,腐肉中对人和动物危害最大的是肉毒杆菌，它们在厌氧条件下形成的肉毒素是人类已知毒性最大的物质之一",11人支持
如何解决Project-based Learning过程中的不确定性？,http://www.guokr.com/question/1216/,"PBL是“研究性学习”的英文缩写，研究性学习是现在国际上较流行的一种教学法，它将学习与任务或问题挂钩，强调把学习设置到复杂、有意义的问题情境中，从而形成解决问题的技能和自主学习的能力,这种挑战的原因在于，无论是基于项目的学习还是基于问题的学习，一般都是研究真实情景中的问题，而这样的问题往往没有现成的答案，也往往需要多个学科的知识，而且需要进行特定的研究、特定资料的收集整理、以及批判,正是因为开放性问题研究过程中有不确定性，才会挑战学生的思维和能力，同时也会给他们发挥创造力提供机会",6人支持
佛教高僧死后的舍利子是怎么回事？有科学解释么？,http://www.guokr.com/question/1205/,"按照佛教典籍，“舍利”有骨舍利、发舍利和肉舍利之分，但通常情况下更多被理解为是骨质的结晶物[3],“舍利”一词源自梵语，其实它的涵义不仅是指佛教高僧的火化遗骨[1]，但在中文里，没有特别说明的情况下，“舍利”指的是火化后产生的珍珠样或水晶样的珠形物质[2,3],html",121人支持
如果喝完可乐立刻玩蹦极，会有很多二氧化碳从身体里飙出来吗？,http://www.guokr.com/question/1184/,"正常情况下，我们很开心地喝了一瓶可乐，幽门（胃的下方出口）会把它们暂时留在胃里，可乐中的二氧化碳在胃蠕动的帮助下逐渐释放，然后随着胃内气压增大，贲门（胃的上方出口）打开，二氧化碳喷涌而出，通过食道冲出,从图中可以看出，胃的上方有一个突起的胃底，倒立状态下可以存放一些液体和食物，不会堵塞贲门口而造成下文所述的严重情况……,所以喝个一小杯再去蹦极的话，在强烈的振荡之下，胃中可乐释放出的气体不多",56人支持
,,"在语言学中有个“关键年纪假设”理论，是指幼儿的成长中存在一个特殊的阶段，在这段期间内语言的学习很容易，不需要特别的教导；而要是过了这个阶段，语言的学习就会变得困难许多。

从生理学的角度来看，人的大脑在出生以后还处在发育的阶段，学习母语的时期同时存在着大脑的建设，这个时期学习的语言对大脑的发育起到了...",0人支持
为什么有的鱼有很多特别小的小刺？,http://www.guokr.com/question/1125/,"比如真骨鱼类中较早近的海鳗（鳗形目），它的肌间骨是所有鱼类中最多的；到了比较晚近的鲤鱼、鲢鱼（鲤形目），数量已经有所下降；到了更晚近的鲶鱼（鲇形目），已经几乎完全没有肌间骨 [2],同时肌间骨可能与肌肉力量的传导有关，研究表明，肌肉蛋白质含量较高的鱼类，其肌肉力量的传导可能更多地靠肌纤维，而借助肌间骨进行肌肉力量传导的要求比其它鱼低，因而其肌间骨的数目也较少 [3],由于肌间骨与鱼类的演化过程关系如此密切，一些科学家推测它在鱼类的适应环境、逃避天敌等过程中，很可能占有重要的一席之地",54人支持
玩一些3D游戏就头晕而且想吐。怎么回事？,http://www.guokr.com/question/1121/,"这种情况被称为“3D眩晕症”,当我们在运动的时候，内耳的前庭器以及视觉感受器都会将感受到的运动信息传给大脑，大脑会对这些信息进行处理，作出相应的指示，调整我们的状态以适应这种运动,实际上这是一个警告，希望人体赶紧摆脱目前的状态",63人支持
鸟类中雄鸟比雌鸟漂亮，为什么人类就是倒过来？,http://www.guokr.com/question/1119/,"而且这三种动物的繁殖策略也和那些雄鸟漂亮的鸟类正相反：到了繁殖季节，雌鸟会向雄鸟求爱，而且一只雌鸟会连续和多只雄鸟交配，产下多窝卵，交给雄鸟孵育，自己再去找下一只，过着“一妻多夫”的生活,我们发现，这些雌雄之间外表差别很大的动物往往在“婚姻关系”中有一些共同的特点：“漂亮”的那一方，承担的抚育后代的职责较少，而且还常常是“一夫多妻”或者“一妻多夫”关系中的那个“一”的一方,人类的生活模式远比动物复杂，但基本上也体现出了第二种繁殖策略的特征：后代抚养比较困难，采取了一夫一妻式的共同抚养，男女外表没有特别大的差别",27人支持
电视机的嗡嗡声到底是神马？,http://www.guokr.com/question/1115/,"传统电视机偏转线圈里面有50Hz（垂直扫描频率）和 15625Hz（水平扫描频率）两种振动频率，在大部分人听觉范围内，因此是有可能被听到的,线圈振动的噪音是否可以被听到，除了要考虑振动强度，也应该考虑这个交流电的频率是否在人的听觉范围内,一般人可以听到的声音是20Hz-20000Hz，但实际上不同的人之间有差异，有的人高于15000Hz就已经听不到了",11人支持
