2019-04-17 22:12:54,习近平这样“点亮”新的一年,"岁月翻开新的篇章，2019年已经到来！
2018年12月31日，国家主席习近平发表了二〇一九年新年贺词。在贺词中，习近平说，2018年，我们过得很充实、走得很坚定；2019年，有机遇也有挑战，大家还要一起拼搏、一起奋斗。
[!--begin:htmlVideoCode--]68bd147a6e534cae9275dc098c0051f8,0,1,news[!--end:htmlVideoCode--]
△独家视频：国家主席习近平二〇一九新年贺词完整版
自2014年新年起，习主席已连续六年发表了新年贺词。
每年，
习主席的新年贺词都是大家在跨年夜最期待的。习近平的贺词朴实、真切，既催人奋进，又充满温情，而且每年都会“带火”一些热词，比如2015年的“蛮拼的”，2016年的“有付出，就会有收获”、“只要坚持，梦想总是可以实现的”、2017年的“撸起袖子加油干”、2018年的“幸福都是奋斗出来的”等等。这些“金句”直抵人心，让人们心里更亮堂、干劲更充足。
今天，我们就带您一起来盘点，六年里，习主席是如何用新年贺词“点亮”新的一年的。
6次发表新年贺词  背景画作都是长城
2014年~2016年以及2018年、2019年，习主席都是坐在办公室发表新年贺词。2017年，习主席并没有坐在办公桌前，而是阔步走入镜头，站着发表新年贺词。
仔细观察，画面中除了习近平主席、国旗、国徽，有一样元素始终没有变化，那就是习近平主席身后的那一幅画，始终是长城。
长城是中华民族的伟大象征，历经千年风雨依然屹立，中华民族也将一如既往大步向前，迈入新时代。
六年里，习主席心愿依旧
谈改革
2019年——世界看到了改革开放的中国加速度，看到了将改革开放进行到底的中国决心。
我们改革的脚步不会停滞，开放的大门只会越开越大。
2018年——我们要以庆祝改革开放40周年为契机，
逢山开路，遇水架桥，将改革进行到底
。
2017年——
中国共产党将召开第十九次全国代表大会，全面建成小康社会、全面深化改革、全面依法治国、全面从严治党要继续发力。
天上不会掉馅饼，努力奋斗才能梦想成真。
2016年——
着力
推进结构性改革，
着力
推进改革开放，
着力
促进社会公平正义，
着力
营造政治上的绿水青山，为全面建成小康社会决胜阶段开好局、起好步。
2015年——继续全面深化改革，
开弓没有回头箭，改革关头勇者胜
。
2014年——我们推进改革的根本目的，是要让国家变得更加富强、让社会变得更加公平正义、让人民生活得更加美好。
谈群众
2019年——我始终惦记着
困难群众
。他们真诚朴实的面容至今浮现在我的脑海。新年之际，祝乡亲们的生活蒸蒸日上，越过越红火。
2018年——各级党委、政府和干部要
把老百姓的安危冷暖时刻放在心上
，以造福人民为最大政绩，想群众之所想，急群众之所急，让人民生活更加幸福美满。
2017年——新年之际，我最牵挂的还是
困难群众
，他们吃得怎么样、住得怎么样，能不能过好新年、过好春节。
 
2016年——让几千万农村贫困人口生活好起来，是我心中的牵挂……对所有
困难群众
，我们都要关爱，让他们从内心感受到温暖。
 
2015年——我们要继续努力，把人民的期待变成我们的行动，把人民的希望变成生活的现实……我们时刻都要想着那些生活中还有
难处的群众
。
2014年——让老百姓过上更加幸福的生活，
还有大量工作要做
。
6个新年 习主席这样鼓劲
我们都在努力奔跑，我们都是
追梦人。
新征程上，不管乱云飞渡、风吹浪打，我们都要紧紧依靠人民，坚持自力更生、艰苦奋斗，以坚如磐石的信心、只争朝夕的劲头、坚韧不拔的毅力，一步一个脚印把前无古人的伟大事业推向前进。
2019年，有机遇也有挑战，大家还要一起拼搏、一起奋斗。
——2019新年贺词
幸福都是
奋斗
出来的。
要把这个蓝图变为现实，必须不驰于空想、不骛于虚声，一步一个脚印，踏踏实实干好工作。
我为中国人民迸发出来的创造伟力喝彩。
——2018新年贺词
天上不会掉馅饼，努力奋斗才能梦想成真。
小康路上一个都不能掉队。
大家撸起袖子加油干
，我们就一定能够走好我们这一代人的长征路。
——2017新年贺词
“十二五”规划圆满收官，广大人民群众有了更多
获得感。
世界那么大，
问题那么多，国际社会期待听到中国声音、看到中国方案，中国不能缺席。
有付出，就会有收获。
只要坚持，梦想总是可以实现的。
 
——2016新年贺词
为了做好这些工作，我们的各级干部也是
蛮拼的
。
当然，没有人民支持，这些工作是难以做好的，我要
为我们伟大的人民点赞。
我们要继续全面深化改革，开弓没有回头箭，改革关头勇者胜。
 
我们正在从事的事业是伟大的，坚忍不拔才能胜利，半途而废必将一事无成。
——2015年新年贺词
中国人民追寻实现
中华民族伟大复兴的中国梦，
也祝愿各国人民能够实现自己的梦想。
生活总是充满希望的，成功总是属于积极进取、不懈追求的人们。
 
——2014年新年贺词
2019年
让我们一起拼搏、一起奋斗！"
2019-01-01 23:02:42,夜读丨祝你梦想成真,"一年的结束和新一年的开始，其实只隔了一瞬。前一刻，我们还在为逝去的时光感伤，后一刻，已经在为新鲜的远方奔走。
今日，元旦。一日之计在于晨，一年之计在元旦。许一个值得为之奋斗的心愿，把日日可期的2019过得盎然无比……
2019年
🌟 
1月
【
宜
】
追 梦  许 愿
值 得 关 注 的 日 子
▼
1月1日 
元旦
1月5日 小寒
1月13日 腊八节
1月20日 大寒
1月28日 小年
那种使自己变得生机勃勃的动力是什么呢？
谁来回答你呢？谁来帮你寻找呢？谁为你一锤定音？没有别人，只有你自己。
只有当理想的光芒照耀着我们，而且它和广大人群的福祉相连，我们才会有大的安宁和勇气。
有些人把梦想变成现实，有些人把现实变成了梦想。关键是，你的梦想是什么？你为你的梦想做了什么？
出自《所有的动力都来自内心的沸腾》/毕淑敏
2019年
🌟 
2月
【
宜
】
辞 旧  迎 新
值 得 关 注 的 日 子
▼
2月4日 
除夕 
立春
2月5日 
春节
2月11日 年后首个工作日
2月19日 元宵节 雨水
守岁这一夜非比寻常。它是“一夜连两岁，五更分二年
”
。因而，我们的古人便是一边辞旧，一边迎新。
以
“
辞
”
告别旧岁，以
“
迎
”
笑容满面迎接生命新的一段时光的到来。
新的一年是未知的，不免小心翼翼。古人过年要通宵点灯，为了不叫邪气暗中袭入；还在年画上所有形象都画上笑眼笑口，以寓吉祥。由于对未来的这种盛情，所以正月初一破晓
“
迎财神
”
的鞭炮更加欢腾。 
于是，我们的年俗就这样完成了岁月的转换，以
“
辞
”
和
“
迎
”
表达对生命的敬畏，以长长的守夜与天地一年一度的
“
天人合一
”
。 
出自《守岁》/冯骥才
2019年
🌟 
3月
【
宜
】
流 连  忘 返
值 得 关 注 的 日 子
▼
3月6日
 惊蛰
3月8日 妇女节 
二月二
3月12日 
植树节
3月20日 国际幸福日
3月21日 
春分
我慢慢走着，我走在绿之上，我走在绿之间，我走在绿之下，绿在我里，我在绿里。
我们已把窗外的世界遗忘得太久了，我们总喜欢过着四面混凝土的生活……
我们不知道脚心触到青草时的恬适，我们不晓得鼻腔遇到花香时的兴奋。真的，我们是怎么会疾驰得那么厉害的！
我是怎样珍惜着这些花瓣啊，我是多么想掬起一把来作为今早的早餐啊！
出自《今天是春天》/张晓风
2019年
🌟 
4月
【
宜
】
清 心  寡 欲
值 得 关 注 的 日 子
▼
4月5日 
清明节
4月20日 谷雨 中文语言日
4月23日 世界读书日
4月24日 中国航天日
一个人以浊为欢的时候，就很难体会到生命清明的滋味，而在欢乐已尽、浊心再起的时候，人间就愈来愈无味了。
“清欢
”
实为生命的减法，舍弃了世俗的追逐和欲望的捆绑，回到最单纯的欢喜，是生命里最有滋味的情境。
在黄昏的晚霞里观夕阳沉落。
在最高的山上突然思念着兄弟。
在落下的一根白发里，浮出一生最爱的面容。
清欢，永远不会失去，只要我们不俗。
出自《人间有味是清欢》/林清玄
2019年
🌟 
5月
【
宜
】
宣 泄 
 生 机
值 得 关 注 的 日 子
▼
5月1日 
劳动节
5月4日 五四青年节
5月6日 立夏
5月8日 世界微笑日
5月12日 国际护士节
5月19日 中国旅游日
5月21日 小满
人生来好动，好发展，好创造。能动，能发展，能创造，便是顺从自然，便能享受快乐，
不动，不发展，不创造，便是摧残生机，便不免感觉烦恼。
你感觉烦恼，因为你的生机被抑郁；你要想快乐，须得使你的生机能舒畅，能宣泄。
闲人大半易于发愁，就因为闲时生机静止而不舒畅。
我劝你多打网球，多弹钢琴，多栽花木，多搬砖弄瓦。假如你不喜欢这些玩艺儿，你就谈谈笑笑，跑跑跳跳，也是好的。
出自《给青年的十二封信》/朱光潜
2019年
🌟 
6月
【
宜
】
无 邪  烂 漫
值 得 关 注 的 日 子
▼
6月1日 
儿童节
6月6日 芒种
6月7日 端午节
6月21日 夏至
儿童的可贵在于单纯，因为单纯而不以无知为耻，因为单纯而又无所忌讳，这两点正是智慧的重要特征。
相反，偏见和利欲是智慧的大敌。偏见使人满足于一知半解，在自满自足中过日子，看不到自己的无知。
利欲使人顾虑重重，盲从社会上流行的意见，看不到事物的真相。
这正是许多大人的可悲之处。
出自《智慧和童心》/周国平
2019年
🌟 
7月
【
宜
】
静 心  纳 凉
值 得 关 注 的 日 子
▼
7月7日 小暑
7月23日 大暑
“梅雨霁，暑风和，高柳乱蝉多。小园台榭远池波，鱼戏动新荷。薄纱厨，轻羽扇，枕冷簟凉深院。
此时情绪此时天，无事小神仙。
”
（宋·周邦彦《鹤冲天》）
暑最热时，“浮甘瓜于清泉，沉朱李于寒水”，于星斗满天之夜作“感凉会”，都是盛夏乐趣。而午后盼风雨欲来，迎大雨滂沱，山晚听轻雷断雨，亦别有一种清凉诗意。
 
2019年
🌟 
8月
【
宜
】
言
 情  说 爱
值 得 关 注 的 日 子
▼
8月7日 
七夕节
8月8日 立秋
8月19日 中国医师节
8月23日 处暑
纤云弄巧，飞星传恨，
银汉迢迢暗度。
金风玉露一相逢，便胜却人间无数。
柔情似水，佳期如梦，忍顾鹊桥归路。两情若是长久时，又岂在朝朝暮暮！
《
鹊桥仙·纤云弄巧
》/北
宋·秦观
2019年
🌟 
9月
【
宜
】
团 团  圆 圆
值 得 关 注 的 日 子
▼
9月8日 白露
9月10日 教师节
9月13日 
中秋节
9月23日 秋分
明月几时有？把酒问青天。不知天上宫阙，今夕是何年。我欲乘风归去，又恐琼楼玉宇，高处不胜寒。起舞弄清影，何似在人间？
转朱阁，低绮户，照无眠。不应有恨，何事长向别时圆？人有悲欢离合，月有阴晴圆缺，此事古难全。
但愿人长久，千里共婵娟。
《水调歌头·明月几时有》/北宋·苏轼
2019年
🌟 
10月
【
宜
】
普 天  同 庆
值 得 关 注 的 日 子
▼
10月1日 
国庆节
10月4日 世界动物日
10月7日 重阳节
10月8日 寒露
10月24日 霜降
我是你十亿分之一，
是你九百六十万平方的总和，
你以伤痕累累的乳房，喂养了
迷惘的我
，
深思的我
，
沸腾的我
。
那就从我的血肉之躯上去取得
你的富饶
，
你的荣光
，
你的自由
！
出自《祖国啊，我亲爱的祖国》/舒婷
2019年
🌟 
11月
【
宜
】
顺 势  而 为
值 得 关 注 的 日 子
▼
11月8日 立冬 记者节
11月9日 全国消防日
11月22日 小雪
在不知不觉之中，天真烂漫的孩子“渐渐”变成野心勃勃的青年；血气旺盛的成人“渐渐”变成顽固的老头子。因为其变更是渐进的，一年一年地，一月一月地，一日一日地……故可知人生是由“渐”维持的。
人之能堪受境遇的变衰，也全靠这“渐”的助力。
这真是大自然的神秘的原则，造物主的微妙的工夫！阴阳潜移，春秋代序，以及物类的衰荣生杀，无不暗合于这法则。由萌芽的春“渐渐”变成绿荫的夏，由凋零的秋“渐渐”变成枯寂的冬。
出自《渐》/丰子恺
2019年
🌟 
12月
【
宜
】
整 装  待 发
值 得 关 注 的 日 子
▼
12月7日 大雪
12月13日 国家公祭日
12月22日 冬至
当我怀着自豪的感情，再向星空了望。我的身子，充溢着非凡的力量。
因为我知道：在一切最好的传统之上，我们的队伍已经组成，犹如浩荡的万里长江。
而我自己呢，早就全副武装，在我们的行列里。充当了一名小小的兵将。
而星空啊，不要笑我荒唐！我是诚实的，从不痴心妄想。人生虽是短暂的，但只有人类的双手，能够为宇宙穿上盛装。世界呀，由于人的生存，而有了无穷的希望。
你啊，还有什么艰难，使你力不可当？
出自《望星空》 /郭小川
插图/视觉中国
〔更多值得关注的日子点击下图〕
点击
「写留言」
分 享 新 年 愿 望
留言被选上墙的100名""锦鲤
""
可获得央视新闻《夜读·节气》周历一本
如果发现自己的留言上墙，请再次留言写下
详细收件地址、姓名及联系电话"
2019-01-01 20:02:27,【微视频】航拍天山天池 领略冰雪美景,"[!--begin:htmlVideoCode--]795dc75222f099b4c6e36e7f17b89bb2,0,1,news[!--end:htmlVideoCode--]
2019年的第一天，3000多名游客齐聚新疆天山天池，以登高的方式迎接新年，祝福祖国。冰封的湖面，雪染的群山，迎新的人群，组成了一幅水墨山水画卷。雪后的天山天池到底有多美？请跟随我们的航拍镜头来领略冰雪美景吧！（央视记者 许梦哲 陶鹏飞）"
2019-01-01 19:26:23,热带低压“乌斯曼”已致菲律宾78人死亡,"根据菲律宾国家减灾委消息，截至1月1日下午6点，过境菲律宾的热带低压“乌斯曼”已造成至少78人死亡，21人失踪。全国范围内共计19万居民受灾。
热带低压“乌斯曼”在2018年12月29日登陆菲律宾东萨马省后引发了洪水和山体滑坡，因此造成伤亡。目前，多地的搜救行动仍在继续当中，死亡人数有可能会进一步上升。（央视记者 黄铮铮）"
2019-01-02 08:48:54,习近平将出席《告台湾同胞书》发表40周年纪念会并发表重要讲话,"[!--begin:htmlVideoCode--]13cbaedc2c6541c3b6a310be959f9b84,0,1,news[!--end:htmlVideoCode--]
《告台湾同胞书》发表40周年纪念会将于1月2日上午10时在人民大会堂举行。中共中央总书记、国家主席、中央军委主席习近平将出席纪念会并发表重要讲话。
届时，中央广播电视总台所属中央电视台综合频道、新闻频道、中文国际频道、中国国际电视台各外语频道，中央人民广播电台、中国国际广播电台将进行现场直播。央视网、央视新闻移动网等中央重点新闻网站将作实时报道。"
2019-01-01 18:47:32,新闻纪录片《改革2018》今晚21:30央视新闻频道播出,"[!--begin:htmlVideoCode--]52e0a0cf40e5026da3143da0d300b34d,0,1,news[!--end:htmlVideoCode--]
历史因为改革开放的伟大启航而铭记1978，历史也因为改革开放的全面深化而铭记2018。
新闻纪录片《改革2018》全景呈现了2018年的改革进程和改革成就。这部纪录片聚焦2018年的改革者和改革现场，用生动鲜活的故事展现了改革者们的创新精神和奋斗精神。《改革2018》2019年1月1日21:30在央视新闻频道播出，央视新媒体平台同步播出，敬请收看。"
2019-01-01 17:54:39,跨年夜 北京延庆山区迎降雪,"[!--begin:htmlVideoCode--]3f070d6741c44190bd2708709e63d9e7,0,1,news[!--end:htmlVideoCode--]
昨夜（2018年12月31日），在新年来临之际，北京延庆山区迎来降雪天气。
今天清晨，天空放晴，延庆玉渡山白茫茫一片，屋舍、道路、树梢上面都铺满了积雪。据气象部门介绍，延庆山区海拔较高，湿度较好，但北京其它地区的湿度条件较差，所以没能形成全市范围的降雪。
今天（2019年1月1日），北京已经第7天处在持续低温蓝色预警信号中，预计北京平原地区的最低气温仍然会在零下10℃以下。气象部门提醒，气温持续偏低，要注意防寒保暖。不过，从今天开始，北京的气温开始慢慢回升。"
2019-01-01 17:54:18,【习近平主席新年贺词引发强烈反响】澳门：抓住新机遇 融入国家发展大局,"[!--begin:htmlVideoCode--]9b820cd55fe8492cbd90577e84968193,0,1,news[!--end:htmlVideoCode--]
澳门各界人士认为，习主席在新年贺词中把“很多港澳台居民拿到了居住证、香港进入了全国高铁网、港珠澳大桥飞架三地”等2018年最重要的涉港澳因素进行总结，这充分表达了国家对于港澳地区的重视。
澳门中华人工智能协会理事长 何威威
：刚刚听了习主席的新年贺词，我们都感同身受。“我们都是追梦人”。过去一年，国家经历改革开放40周年，澳门也将迎来发展的新台阶。随着港珠澳大桥连通三地，澳门也更积极地融入国家发展大局。
澳门文化交流协会会长 伍迅波
：习主席在新年贺词中讲到“港珠澳大桥飞架三地”，这些成就是全国人民共同干出来的。2019年是新中国成立70周年，澳门也即将迎来澳门回归20年的大庆。我们澳门社会各界背靠祖国，会更加积极利用国家发展的大局，抓住发展的新机遇。"
2019-01-01 17:21:58,【向科学家和大国工匠致敬】大国重器 感谢有你！,"[!--begin:htmlVideoCode--]ecafb590ded34009962a29829ec447b5,0,1,news[!--end:htmlVideoCode--]
2019年已经开启，带给我们更多憧憬与希望；回望2018年，有太多的人与事值得珍惜回味。2018年，中国制造、中国创造、中国建造共同发力，继续改变着中国的面貌。嫦娥四号探测器成功发射，第二艘航母出海试航，国产大型水陆两栖飞机水上首飞，北斗导航向全球组网迈出坚实一步。一个个大国重器的精彩亮相，是中国科研领域硕果累累的真实反映，是国家实力不断提升的最佳写照。满心自豪的同时，我们也要向这些“大国重器”背后的科学家、工程师们道一声：“你们辛苦了！”
12月8日凌晨，嫦娥四号月球探测器成功发射，它将完成人类历史上首次在月球背面软着陆和巡视探测的任务。作为嫦娥三号的备份星，嫦娥四号95%的部件与嫦娥三号相同，用一颗五年前就设计、制造完成的卫星，去探索人类从未到达的月球背面，这背后是中国航天强大的技术储备和自信。
航天科技集团五院嫦娥四号探测器总设计师 孙泽洲：
要说紧张，我觉得还真的并不紧张。这次嫦娥4号的任务，这些技术成果对于我们后续的火星探测，乃至于其他的地外天体的着陆探测来讲，也都提供了很好的基础。
回首2018，长征系列火箭共成功完成23次发射，仅10月15日至12月25日，就完成了5次发射，平均任务周期仅14天，这在多年前是无法想象的。
中国航天科技集团一院火箭装配技能大师 马利：
你得适应这个高密度总装和高密度发射的这种状态，到什么程度啊，就是没休息日嘛，晚上加班。虽然现在工作很累，但是赶上航天事业大发展时期，我自己感到也非常自豪。
2018年，马师傅所在的运载火箭队伍，短短1年时间内，先后将19颗北斗三号导航卫星和1颗北斗二号导航卫星送入预定轨道，组网发射最短间隔17天，创造了北斗组网发射历史上高密度、高成功率的新纪录，以全胜的骄人战绩，让中国北斗迈出从亚太走向全球的“关键一步”。
中国航天科技集团有限公司高级技术顾问 中国科学院院士 孙家栋：
任务越来越多，青年人到了岗位上都有锻炼的条件。所以我是感觉在这个方面，你看现在我们这40多岁就挑大梁，都是一个型号的总师。它也体现出来，你国家科学技术水平，物质能力、人才队伍，都要达到一定的水平了。
2018年，让人骄傲和自豪的，还有我们自己的航母和大型水陆两栖飞机。5月13日，我国第一艘国产航母正式开始海试，为了研发、建造这艘国产航母，数千名工程师，数万名产业工人日夜奋战。10月20日，我国大飞机“三兄弟”之一的大型水陆两栖飞机“鲲龙”AG600也首飞成功，中国人又一次实现航空领域的全新突破。
航空工业AG600大型水陆两栖飞机总设计师 黄领才：
通过这个型号的研制，一系列关键技术的突破，形成了我们水陆两栖飞机自主研发一套技术体系。
航空工业华南公司试飞中心机务二中队中队长 郭佳：
自豪感非常强烈。这个型号任务反过来也在锻炼我们。帮你如何成长，如何锻炼成自信、专业性非常强，非常坚毅的人。
2018年，中国科技干劲足，活力强，目标明确，步伐稳健，在世界科技舞台的聚光灯下，交出了一份漂亮的“成绩单”。2019年，我们的大型运载火箭长征五号还要再次出征、“嫦娥五号”月球探测器还要登陆月球，新的一年，中国科技必将会有更加精彩的表现。"
2019-01-01 17:21:26,我驻叙使馆发布提醒：谨慎前往大马士革、暂勿前往叙其他地区,"当地时间1月1日，我驻叙使馆再次发布提醒，呼吁中国公民近期谨慎前往叙利亚大马士革、暂勿前往叙利亚其他地区。
2018年7月，外交部和中国驻叙利亚使馆曾根据叙安全局势状况发布了近期谨慎前往叙利亚大马士革、暂勿前往叙利亚其他地区的安全提醒，有效期至2018年12月31日。根据当前安全形势，使馆将该安全提醒有效期延至2019年6月30日，具体如下：
目前，叙利亚战事仍在进行。叙政府军与恐怖组织及武装反对派的军事冲突持续，主要集中在包括伊德利卜、拉卡、哈马、代尔祖尔省等地区。首都大马士革及其它叙政府控制区屡遭空袭，安全形势不确定性较大。
外交部和中国驻叙利亚使馆提醒中国公民近期谨慎前往叙首都大马士革，暂勿前往叙其他地区。提醒已在叙中国公民和确有实际需要赴叙公务及商务人员保持高度警惕，加强安全防范和应急准备。如遇紧急状况，请及时报警并与中国驻叙利亚使馆联系。
鉴于上述地区的特殊情况，如中国公民在此提醒发布后仍坚持前往，有可能导致当事人面临极高安全风险，并将严重影响其获得协助的实效，因协助产生的费用由个人承担。
此外，使馆发布当地的紧急联系方式如下：
当地报警电话：112（犯罪报警）、110（急救）
外交部全球领事保护与服务应急呼叫中心电话：+86-10-12308或+86-10-59913991
中国驻叙利亚使馆领事保护与协助电话：+963-944265018
（央视记者 徐德智）"
2019-01-01 17:47:09,北京新机场“凤凰展翅”正式亮相,"[!--begin:htmlVideoCode--]add7ada2bdb54f48b6036f26be0960a0,0,1,news[!--end:htmlVideoCode--]
经过数千名建设者历时三年多的精心“雕琢”,北京大兴国际机场主航站楼终于揭开了神秘的面纱。目前，航站楼金属屋面已经全部完工，从空中俯瞰，新机场航站楼的凤凰造型以及三纵一横的跑道布局已经清晰呈现，北京新机场正式展现出凤凰展翅的壮观景象。
北京新机场主航站楼金属屋面投影面积有18万平方米，约等于25个标准足球场大小，使用了63450根圆钢管焊接而成，总长度可以环绕北京五环路5圈。整个航站楼一共使用了12800块玻璃，其中屋顶用玻璃8000多块。由于屋顶采用流线曲面构造，所以每块玻璃都有独特的角度。航站楼室内吊顶，采用的是新型复杂双曲面漫反射大吊顶，从C型柱侧面到顶面进行连续变化，形成“如意祥云”的肌理，视觉效果与地面拼花石材的“繁花似锦”和浮岛的“流光溢彩”上下呼应。
北京城建大兴国际机场主航站楼项目经理 李建华
：我们凤凰展翅的金属屋面，还有玻璃幕墙、门窗安装全部完成，还有楼前整个市政工程全部完工。
目前，北京新机场主航站楼室外装饰已全面完工，高架桥实现通车，室外道路全面贯通，1500多公里的电缆已铺设完毕，室内25万台空调机组系统的调试工作已经完成，楼内已具备通电、供暖条件，建设者们正在加速推进各项建设工作。
北京城建大兴国际机场主航站楼项目经理 李建华
：我们航站楼最核心、功能最强大的机电设备系统的安装和调试工作，目前正在紧锣密鼓地推进。现在我们已经在做送电和单系统调试工作。这个工作要在春节前全部完成。我们到今年的春节前。要实现楼内装修的大面积亮相。给大家呈现我们设计图纸的完美的一个效果。"
2019-01-01 16:47:48,【海外人士热议习近平主席新年贺词】相信中国新一年里将获更大发展,"[!--begin:htmlVideoCode--]7bf4cf4dec134d9baa6058e918309111,0,1,news[!--end:htmlVideoCode--]
很多海外人士在收看完国家主席习近平新年贺词后表示，从新年贺词中看到了中国的发展成就和继续开放的决心，相信中国在新的一年里将获得更大发展，为世界做出更多贡献。
菲律宾：新年贺词传递维护和平重要信号
对于习主席在贺词中提到的“中国维护世界和平、促进共同发展的诚意和善意不会变”的内容，菲律宾专家表示，这展现了一个负责任大国的领导人的胸怀和担当。
菲律宾教育部前副部长 经济学家 瓦尔德斯
：习主席知道中国的发展离不开其他国家的发展，中国要与其他国家共同发展。习主席向世界发出了重要的信号，他的意思是维护世界和平非常重要。习主席在这些领域持有开放的思维。我希望全世界所有的领导人能够看到习主席发出的信息，中国不是来征服世界的，中国是来帮助大家发展的。我坚信如此。
巴西：中国向世界发出合作邀请
习主席在新年贺词中特别提到了首届中国国际进口博览会，而巴西正是本次进博会的主宾国之一。曾经长期在华工作生活的巴西亚洲问题专家戈多伊就此认为，这次进博会让中国的经济更为平衡，也为全球企业提供了难得的发展机遇。
巴西前驻华外交官 亚洲问题专家 戈多伊
：（进博会的举办）非常重要，巴西代表团去参加进博会之前请我做过关于中国的讲座。这是中国政府伟大的举措，证明中国不仅想“走出去”，也想“请进来”。在中国企业发展到全世界的同时，也请外国企业走进中国。这非常重要。因为商业是双向的，要有来有往。
在新年到来之际，戈多伊还用中文向中国观众致以节日的问候。
巴西前驻华外交官 亚洲问题专家 戈多伊
：中国的朋友们，新年好。"
2019-01-01 16:46:48,14秒微视频 看跨年灯光秀全城,"[!--begin:htmlVideoCode--]d66245c2722398d106c296110b9044c8,0,1,news[!--end:htmlVideoCode--]
2019年元旦跨年期间，北京、香港、上海、江苏等地开启迎新年模式，炫丽的灯光秀、盛大的烟花汇演、传统的舞龙舞狮等纷纷上演。
14秒，看灯光秀全城，赏烟花满天飞。那你又是怎么跨年的呢？
（编导：赵红媛 刘亚楠 剪辑：高媛  视频来源：央视新闻移动网 矩阵号 闪电新闻 黑龙江广播台 新疆晨报 西安丝路频道 福州广播电视台 东方财经浦东频道 触电新闻 紫金山视频 海口广播电视台）"
2019-01-01 16:45:56,京礼高速兴延段今天通车,"[!--begin:htmlVideoCode--]cc08cffab780489ab984daa90036593c,0,1,news[!--end:htmlVideoCode--]
历经3年多的建设，京礼高速兴延段今天正式开通运营，这是2019年世园会、2022年冬奥会重点交通保障工程。
京礼高速兴延段南起北京市西北六环路双横立交，终点至延庆区大浮坨村西。全长42.2公里，全线设计为双向四车道，预留远期双向六车道通行条件，平原段设计速度100km/h，山区段设计速度80km/h。未来，京礼高速兴延段将与延崇段相接合并成京礼高速，形成北京西北方向第三高速通道。
中国铁建北京兴延高速公路有限公司董事长 谭振武：
兴延高速的建成对缓解北京西北部的交通压力将起到一个积极的作用，大量的车以桥梁和隧道通过，对行车安全、通过能力、旅客的舒适度将起到很大的作用。
兴延高速将从山区直达延庆，北京市区至延庆的开车时间也将缩短为45分钟 。兴延高速将与延崇高速相接合并成京礼高速， 作为京津冀一体化路网的重要组成部分，为2019年世园会、2022年冬奥会提供交通保障。从北京西六环驾车出发，到延庆世园会举办地仅需40分钟； 从北京西六环出发至崇礼冬奥会场地由3个半小时缩短至2小时。 "
2019-01-01 16:47:35,通高铁建机场 中俄边境城市绥芬河发展再提速,"[!--begin:htmlVideoCode--]a92f9872fa914b3798fac7c056d8a746,0,1,news[!--end:htmlVideoCode--]
2018年，我国铁路高速发展，2018年底哈牡高铁正式开通，给黑龙江省绥芬河市这座中俄边境上的城市带来新的动力。2019年，绥芬河机场也将加快建设，这座边贸小城即将迎来“高铁+空港”的发展新阶段。
黑龙江省绥芬河市外贸商户 陈世洲：
这是绥芬河开往哈尔滨的首趟高铁，现在我的心情无比激动，你看它的速度多快，车厢里非常整洁和舒适。
这个在高铁上自拍的人叫陈世洲，家住边贸小城黑龙江省绥芬河市。2018年底刚刚开通的哈牡高铁是首列开进对俄口岸绥芬河站的动车组。要问老陈头一次在家门口坐上高铁为什么这么激动，还得从他做的生意说起。
黑龙江省绥芬河市外贸商户 陈世洲 ：
当时叫“欠欠”就是换，以物换物，“欠欠”完了俄罗斯人带着泡泡糖、纱巾带到他们俄罗斯去卖掉。中国人拿着望远镜、呢子大衣在国内转卖出去，这个利润非常可观的。
绥芬河市位于黑龙江省东南部，与俄罗斯滨海边疆区接壤，小城面积只有460平方公里，却拥有长达27公里的边境线和一座有着近百年历史的边境口岸。老陈就赶上了边境贸易蓬勃兴起的时候，从他跟俄罗斯生意伙伴的合影上就能感受到当时的红火。红红火火的边境贸易让陈世洲萌生了坐火车去哈尔滨采购更多更丰富商品的念头。
黑龙江省绥芬河市外贸商户 陈世洲：
早上3点到老火车站，绥芬河火车站去排队，我们3个人循环排队3、4个小时。乘坐火车人特别多，行程非常漫长，火车特别慢。
随着时代的发展，绥芬河到哈尔滨的火车车程已经缩短到了7个小时，2018年底开通的哈牡高铁将这一行程缩短到了两个半小时。
黑龙江省绥芬河市外贸商户 陈世洲：
就感觉不可想象，铁路飞速的发展太快了。
交通事业的快速发展不仅让老陈真的在家门口坐上了高铁，也让绥芬河的边境贸易飞速前进。到2020年，绥芬河机场也将正式通航，届时这座边贸小城也将迎来“高铁”和“空港”并行的高速发展时代。
黑龙江省绥芬河市副市长 李兴国：
绥芬河将以此次高铁开通为契机，大力构建高铁、高速公路、支线机场立体化的交通网络，吸引更多的人流、物流、资金流、信息流来绥芬河齐聚，大力开展对外经贸合作。"
2019-01-01 16:21:39,脱口秀《世说“新”语》 | 葡萄钞票行李箱 黄金国里迎新年,"[!--begin:htmlVideoCode--]2e69701fff7d72e86ca03f85ec957071,0,1,news[!--end:htmlVideoCode--]
又是一年新年到，央视新闻新媒体推出脱口秀特别节目《世说“新”语》。从花样百出的“年夜饭”到意想不到的跨年活动，从热情奔放的拉丁美洲到同在亚洲的近邻，央视记者带你走遍全球过新年。
位于南美大陆最北端的国家哥伦比亚素有“黄金国”之称，这里的人们乐观开朗，喜欢象征太阳和财物的金黄色。穿上黄色的幸运裤，一手端着葡萄，一手拖着行李箱，兜儿里还要揣着鼓鼓囊囊、沉甸甸的钱包儿，这就是标准的哥伦比亚人迎接新年的装扮。《世说“新”语》第五期，跟着央视记者高雪去哥伦比亚看看吧。
监 制：杨继红 唐怡
策 划：郑弘
编 导：杜丹 郑世成
记 者：高雪"
2019-01-01 17:37:52,【我们都是追梦人】向新时代出发 我们一直在路上,"[!--begin:htmlVideoCode--]fc529e10ba54419ea8eb37879884a01f,0,1,news[!--end:htmlVideoCode--]
新一年，我们都是追梦人，努力奔跑；新一年，我们都将继续奋斗，脚步不停。各行各业的劳动者，在新年第一天向新时代出发，一步一个脚印创造着新的中国奇迹。
2019年1月1日0点，东航货运航班伴着零点钟声飞向大洋彼岸
飞行员 顾维明：
货运航班都是快件、急件，我们工作就得讲究效率、速度，我们的工作体现的就是中国速度、中国效率。我们货运航班出发飞向世界各地，中国出发，不断地出发，再出发。
2019年1月1日0点10分 外卖小哥姚燕鹏送出新年第一份外卖夜宵
外卖小哥 姚燕鹏：
现在是2019年1月1日凌晨12点多，这是我新年送的第一单活，收外卖的一屋子人也加班干活呢，我们都是在工作岗位上跨年，我劳动 我光荣。我们一直在奔跑，我们都是追梦人。
2019年1月1日0点11分，青岛港的边检民警新年第一天职守在岗位上，维护港口辖区的安全稳定
青岛出入境边防检查站 民警 曹勇：
我们执行任务四科，主要负责国际航线船舶的检查和监护任务。公安边防部队集体退出现役，成建制划归公安机关，我们虽然脱下了军装，不再属于军人，但我依然要将军人的精神保持下去。希望在2019年里，我能快速适应这个角色，做好自己的本职工作，守好国家的“大门”。
2019年1月1日3点，快递物流中心连夜分拣着货物；6点30分快递员田范博出门送货
快递员 田范博：
特别多，我们要加倍努力了，我们每一个人都是一颗螺丝钉虽然我们的工作很平凡，但其实也很重要，说不定在哪个写字楼里就一份重要的文件等着我去送呢？不定哪一家买的米等着我送过去下锅呢？其实每次把货及时送到，客户对我表示感谢的时候，我都特别有成就。
2019年1月1日 7点30分 “深中通道”项目正在建设中
深中通道项目 工程师 刘帅：
今天是新年的第一天，正赶上我们深中通道西人工岛正在建立新的搅拌站，新的搅拌站建好之后我们的效率会更高。新的一年我们整装出发，用更高的施工效率缔造中国速度。
2019年1月1日 7点30分 “华丽高速丽江金沙江大桥”项目正在建设中
金沙江大桥工程 建设者 周华能：
在近200米的高空作业真是让人心惊胆战，我们都成了空中飞人，在金沙江大桥上面，我们能看到更美的风景。
金沙江大桥工程 建设者 杨思明 刘小兵：
老前辈带后辈，新技术替代旧技术，这几年的发展是加速度！
金沙江大桥工程 建设者 杨思林 刘成杉：
我们干过泰州大桥、港珠澳大桥、虎门二桥，好几十座梁桥。
9：00 上海洋山港 第一艘驶向一带一路沿线国家的货轮出港
洋山港海事局工作人员 袁万林： 
大家好，我叫袁万林，是洋山港海事局的一名执法人员，我身后的这艘集装箱船，是2019年第一艘从上海洋山港出发的船舶，它将载运着“中国制造”，沿着海上丝绸之路驶往地中海沿岸国家。在这里，我见证了千千万万艘船舶驶往全球各地，见证了中国繁荣发展的活力，2019年我和我的祖国一起扬帆出发，为东方大港做好服务。  
北京 天安门广场 7:33 在万众瞩目下 五星红旗2019年第一次在天安门广场冉冉升起
三军仪仗队天安门国旗护卫队队员 王玉江：
家里人跟亲朋好友说，儿子在三军仪仗队当兵，感觉特别光荣特别自豪。
观众 许珂欣：
我觉得人有目标就会变得越来越好，祖国有了目标有了梦想也会一天比一天繁荣强大。
长沙舰在新年第一天巡航在海防线上
长沙舰官兵：
中国人民海军，挺进深蓝 越来越强大，祝福伟大祖国繁荣昌盛，越来越富强。
（央视记者 杨阳 于飞 门晓燕 吴凯俊）"
2019-01-01 16:08:32,陕西渭南守时兵：在祖国中心守护北京时间,"[!--begin:htmlVideoCode--]079668e513ba43529b900324b6af8169,0,1,news[!--end:htmlVideoCode--]
告别2018，2019已经到来。谁是中国最早迎来2019年的人？这个问题在不同的标准下可能有多个不同的答案，在时间概念上，2018到2019，就是时钟数字由0点到0点0分01秒的跳跃，而大多数人可能不知道，为了这一轻微的跳动，一群年轻人在跨年夜通宵达旦守卫在茫茫关中旷野的一个小小哨位上，他们就是被称为中国守时兵的武警陕西总队渭南支队四中队官兵，也是时间概念上名副其实的，中国最早迎来2019年的人。
位于陕西省渭南市的中国科学院国家授时中心，从中国版图上看，是最接近祖国大地中心点的地方，我们都十分熟悉又最容易忽略的“北京时间”，就是从这里完成校准，并通过无线电波发送到全国各地的。
武警陕西总队渭南支队四中队中队长 刘坤雷：
我们部队是1969年进驻到这儿，专门为授时中心提供勤务保障，2019年正好是满五十年了，这五十年我们中队官兵换了一茬又一茬，但工作内容始终没变，就是守卫北京时间。
作为全国唯一的授时部门，国家授时中心历经五十多年的风风雨雨，一直能为人们提供准确时间，这离不开一代代守时兵们的付出与奉献，北京时间不光和我们的日常生活息息相关，同时也是国家大型科研项目和重大活动唯一参照的时间标准。每到这些时刻，四中队的官兵都要放弃休假，回到岗位上加强值班巡逻。
武警陕西总队渭南支队四中队战士 张伟：
我在这儿当兵八年，像神十一发射、嫦娥四号发射，我是第一见证者，因为那些重要时刻我和我的战友在授时中心做重点保障。
武警陕西总队渭南支队四中队战士 李长飞：
最近两年我们任务重，任务多，因为国家科研项目比较频繁，我觉得自己牺牲一点自己的时间其实也是应该的。
实际上，不光那些重要时刻需要“北京时间”，太空中24小时运转的轨道卫星、祖国大地上加班加点推进的科研项目，没有一个能离开“北京时间”的加持，可以说，只要站上岗哨，官兵们就不能有一秒钟的松懈。
武警陕西总队渭南支队四中队战士 李金明：
在站岗执勤中必须保持高度警惕，如果我们这出了哪怕一微秒的问题，都会有很大的影响。举个例子说，火箭发射过程中，如果出现一微秒的误差，都有可能偏离轨道，造成发射失败。
武警陕西总队渭南支队四中队战士 马林：
2017年7月的一天，我在执勤的时候突然听到水声，水哗哗往外喷，原来是维修房的水管子爆了，可能是机房里面噪音比较大，值班的技术员没听见，我就赶紧敲窗子叫他们，然后下到地下去把开关关上，水万一要是泡到机房，那问题就很严重了。
在距离“钟房”最近的哨位，随时能听到监控设备发出的滴答声，为了集中注意力，官兵们养成了站岗时跟随滴答声计数的习惯，凡是在这里工作过的每一名守时兵，都有不看表就能精准报时的绝活儿。
武警陕西总队渭南支队四中队战士 赵永杰：
平时
我们操课休息的时候，班长会拿个表，组织我们集体猜时间，有的时间
误差上下不超过三分钟左右。
记者：
现在几点？
赵永杰：
7点14分。
记者：
我拿手机咱看一下——7点13分。
不光是这里官兵身怀绝技，这里的环境中也时常发生神秘的现象。
央视记者 刘冠青：
在我手中有个荧光灯管，当我把它举过头顶举到天线下方的时候，会发生闪烁。
班长：
因为这是天线发出的电磁波，会影响周围的电器。
神秘的电磁波看起来有趣，实则会对电子产品产生干扰，这也意味着营房的收音机、电脑、电视大多数时间只能作为摆设，在枯燥的日复一日的工作生活中，官兵们努力用各种方式来丰富自己的业余时间，把小小警营打造得亲密和谐，随着岁月更替，责任代代传承，四中队官兵已经与“北京时间”融为一体。说起关于时间的故事，他们总是能够信手拈来。
武警陕西总队渭南支队四中队战士 王志波：
2016年春节跨年，中国历法上有一个五百万年一遇的闰秒，就是每五百万年，这个时间要多一秒，那一刻我觉得，我真正是时间的参与者和见证者，觉得特别骄傲。
武警陕西总队渭南支队四中队战士 龚发林：
我跟家人说，你想我的时候你就看看表，看那个表在走，就会想到我在这边执勤。
在“北京时间”里生活，为“北京时间”服务，守时卫士们已经成为了北京时间的一个刻度。五十年来，他们用笔直的身姿丈量着中国伟大发展历程的时间线，当你看到火箭冲天而起、看到军舰扬帆远航，当你乘坐的高铁动车准时发出，你就会想到，有一群年轻人，他们此刻正在不舍分秒，日以继夜，在广袤关中平原上为我们守卫着祖国的时间。
全体官兵：
守时卫士祝全国人民新年快乐，北京时间有我们守护，请祖国和人民放心！"
2019-01-01 15:57:07,【习近平主席新年贺词引热议】中企员工：我们都是追梦人,"[!--begin:htmlVideoCode--]a4275095775c403c80528e6b9087de4c,0,1,news[!--end:htmlVideoCode--]
“我们都在努力奔跑，我们都是追梦人。”2019年到来之际，习近平主席发表新年贺词，既是回顾过去一年奋斗历程和辉煌成就的豪迈宣言，也是新的一年风雨兼程再出发的奋斗序曲——引发海外中企员工、留学生、华侨华人的热烈反响。
坦桑尼亚中资企业工作人员 鲁小强
：我们有幸在“一带一路”的倡议下，公司来到了非洲，来到了世界。和非洲兄弟们一道，我们互利共赢，共筑人类命运共同体。作为一个“追梦人”，我有幸参加到历史潮流中来。
坦桑尼亚中资企业工作人员 刘亚龙
：“一带一路”倡议五年以来我们也在非洲扎根了五年，我们作为一家中国企业，为坦桑当地人民带来了值得信赖的品牌。其次，我也是实现了我的个人价值，希望2019年能再接再厉，越来越好。
乌克兰中国留学生：为祖国感到自豪
中国驻乌克兰大使馆教育处组织当地中国留学生观看了习主席发表新年贺词。留学生们为祖国取得的成就感到自豪，纷纷表示要不忘传统、努力学习，早日报效祖国。
乌克兰中国留学生会主席 蔡垚
：2018年是我国改革开放40周年。经过40年的改革与发展，中国发生了翻天覆地的变化，在世界的地位与影响力也与日俱增。我们是成长在改革开放春风中的一代，也应该继承改革开放的精神，胸怀理想，不断进取。作为青年留学生，我们应该不忘传统，砥砺前行，早日学成，报效祖国。
希腊华商：为祖国的发展成就自豪
在希腊经商多年的希腊华人华侨福建联合总会会长陈锋先生表示，习主席的新年贺词让海外华人了解到了2018年中国建设与发展的巨大成就，让他们感到非常自豪。
希腊华人华侨福建联合总会会长 陈锋
：我们确实感受到了中国综合国力和国际地位的显著提升。还有一点让我特别感动，就是习主席谈到，2018年中国有1000万贫困人口实现了脱贫。我们海外华人华侨有相当一部分也来自于边远地区，我们为家乡面貌的改善和经济的进步而感到自豪，也更加有自信心。"
2019-01-01 15:49:58,【海外学者热议习近平主席新年贺词】习主席贺词高瞻远瞩 亲和温暖,"[!--begin:htmlVideoCode--]a7804383eaef4b928ede15778168e325,0,1,news[!--end:htmlVideoCode--]
众多海外学者在收看了习近平主席发表的新年贺词后表示，习主席的新年贺词高瞻远瞩、亲和温暖，相信追梦的中国在新的一年里将获得更大发展，为世界做出更多贡献。
巴基斯坦：脱贫攻坚 中国经验值得学习
巴基斯坦卓越智库媒体关系部主任马苏德说，习主席在新年贺词中提到中国农村脱贫成果，这表明中国领导人对脱贫攻坚工作的重点关注和努力，中国经验值得所有国家学习。
巴基斯坦卓越智库媒体关系部主任
巴基斯坦卓越智库媒体关系部主任
 
马苏德
：习主席在新年贺词中提到，（在2019年）再使1000多万贫困人口实现脱贫。中国社会转型的经验值得其他国家跟进了解并学习。
巴拿马：“一带一路”促进世界共同发展
巴拿马政府前对外关系顾问、国际问题学者胡里奥·姚表示，习主席在新年贺词中提到，中国维护世界和平、促进共同发展的诚意和善意不会变，将积极推动共建“一带一路”，继续推动构建人类命运共同体——这体现了互利共赢的新时代中国特色大国外交理念，有助于带动和促进世界许多地区共同发展。
巴拿马国际问题学者 胡里奥·姚
：“一带一路”倡议不是在重复过去的成绩和老路，而是强调互联互通。“一带一路”赋予世界许多地区共同发展的机会，现在这种效应已经显现。"
2019-01-01 19:45:09,“我和我的祖国”征文征集活动正式启动,"[!--begin:htmlVideoCode--]a51c3c2333c34dccb2dc12affcb895c1,0,1,news[!--end:htmlVideoCode--]
为庆祝中华人民共和国成立70周年，弘扬爱国主义精神，中宣部、中央文明办、教育部、文化和旅游部、中国文联、中国作协联合开展的“我和我的祖国”征文征集活动正式启动，面向全国征集相关作品。
活动启事在人民网、新华网、“学习强国”学习平台同步推出。启事提出，作品应紧紧围绕庆祝中华人民共和国成立70周年这一主线，深入贯彻习近平新时代中国特色社会主义思想，以“个人”与“国家”的关系为视角，用文艺的形式生动展现在中国共产党领导下国家取得的辉煌成就，生动展现中国人民追求幸福生活努力奋斗的精神风貌。用文艺表达人民群众对祖国的赤子之情，激励和鼓舞全国各族人民更加紧密地团结在以习近平同志为核心的党中央周围，为决胜全面建成小康社会、实现中华民族伟大复兴的中国梦而不懈奋斗。
作品征集时间将持续至2019年6月30日，征集体裁分为文学类、摄影类和短视频类。参与征集的作品必须为原创作品，且此前未在国家正式出版物发表，符合体裁要求。投稿者应对作品拥有完整著作权，并保证其所投送的作品不侵犯第三人的著作权、肖像权、名誉权、隐私权等在内的合法权益。
本次征文征集活动组委会办公室设在中国文联理论研究室，负责统筹协调活动开展。作品征集结束后，组委会办公室邀请相关艺术门类专家学者分别组成评委会进行评审，并按照不同艺术门类进行奖励。优秀作品将在中央主要新闻媒体刊发并结集出版。"
2019-01-01 15:10:06,中央气象台：全国大部将升温 江南华南有弱降水,"[!--begin:htmlVideoCode--]b9ee5767314d47abae9075f03ac14676,0,1,news[!--end:htmlVideoCode--]
2019年的第一天，全国天气相对平稳，据中央气象台监测，今天早晨，南方大部地区气温较昨天有小幅回升。预计未来几天，全国大部地区的气温都陆续缓慢回升，1月4号之后，南方气温将由近期的明显偏低逐渐升至接近常年或略偏高的水平。
降水方面，今明两天，江南、华南等地有弱降水，以小到中雨为主，贵州、湖南中南部、江西中北部、浙江中北部等地有小雪或雨夹雪，贵州东部、湖南南部局地有冻雨，需防范对假日返程、出行的不利影响。此外，3号夜间至5号，南方还将有大范围降水出现，不过由于气温回升，降水的形式将以降雨为主。"
2019-01-01 19:34:25,王沪宁出席“学习强国”学习平台上线仪式并宣布平台启动,"[!--begin:htmlVideoCode--]8984255f81294445ab5e64078473e54d,0,1,news[!--end:htmlVideoCode--]
“学习强国”学习平台上线仪式1月1日在京举行，中共中央政治局常委、中央书记处书记王沪宁出席仪式并宣布平台正式上线。
“学习强国”学习平台由PC端、手机客户端两大终端组成。平台PC端有“学习新思想”“学习文化”“环球视野”等17个板块180多个一级栏目，手机客户端有“学习”“视频学习”两大板块38个频道。
中共中央政治局委员、中宣部部长黄坤明出席上线仪式并讲话。他指出，建设“学习强国”学习平台，是贯彻落实习近平总书记关于加强学习、建设学习大国重要指示精神、推动全党大学习的有力抓手，是新形势下强化理论武装和思想教育的创新探索，是推动习近平新时代中国特色社会主义思想学习宣传贯彻不断深入的重要举措。"
2019-01-01 15:00:20,福建厦门丝路海运航线新年迎“开门红”,"[!--begin:htmlVideoCode--]4dc2ed548ae84dab91b5931d8068cc55,0,1,news[!--end:htmlVideoCode--]
福建“丝路海运”航线是我国首个以航运为主题的“一带一路”国际综合物流服务平台。航线刚刚开通一周，就在新年到来之际，迎来了首个货运高峰。
今天（1月1日）上午，福建厦门港海天码头十分繁忙，一艘来自东南亚航线的达飞蓝鲸轮满载着木材、水果等货物才刚刚进港靠泊，装卸货车已经准备好了服装、鞋帽、机电等1200多标箱产品等待装船，这些货物将出口到新加坡、印尼、马来西亚等“一带一路”沿线国家港口。
据统计，自2018年12月24日开通以来，仅仅一周时间，“丝路海运”已完成16个航次，集装箱吞吐量达到1.06万标箱，其中进口货量占30%，出口货量占70%。
福建丝路海运运营有限公司董事长 陈志平：
对2019年“丝路海运”的运行我们十分看好，充满信心。目前，我们接到了不少航运货运企业加入“丝路海运”联盟的意向，还有已经加入联盟的内贸航商正积极筹备开通“丝路海运”航线。
“丝路海运”是我国首个以航运为主题的“一带一路”国际综合物流服务平台，首批“丝路海运”16条航线，覆盖了13个“一带一路”国家的24个港口，联通东南亚、印巴、非洲、中东、俄罗斯等货运网络。预计到2020年底，“丝路海运”还将与中欧班列衔接，基本形成国际贸易大通道。"
2019-01-01 15:00:04,最高人民法院知识产权法庭今天揭牌,"最高人民法院知识产权法庭今天上午在北京揭牌，这是我国最高审判机关设立的专门的知识产权法庭，审理专利等专业技术性较强的知识产权民事和行政上诉案件。该法庭今天起正式受理案件。
从2019年1月1日起，全国专利等技术类知识产权民事、行政案件将向最高人民法院上诉，统一由最高法知识产权法庭审理。
最高人民法院副院长 罗东川：
按照这个改革和按照我们这个目前的这个管辖呢，主要是负责专利、植物新品种、集成电路布图设计、计算机软件、技术秘密等专业技术性比较强的知识产权的二审案件。
据介绍，最高法知识产权法庭是最高人民法院派出的常设审判机构，设在北京市。知识产权法庭作出的判决、裁定、调解书和决定，是最高人民法院的判决、裁定、调解书和决定。知识产权法庭作为最高法的审判机构，在裁判中可以直接体现最高人民法院的司法理念。
最高人民法院副院长 罗东川：
它首要的意义在于统一知识产权案件的裁判的标准和尺度。它就把这个专利类的知识产权的上诉案件，由分散在32个高级法院审理，集中到最高人民法院知识产权法庭统一来审理。
7大类案件由知识产权法庭审理
那么究竟哪些案件由最高法知识产权法庭审理呢，我们再来通过一个短片了解一下。
根据《最高人民法院关于知识产权法庭若干问题的规定》， 知识产权法庭审理下列案件：
（一）不服高级人民法院、知识产权法院、中级人民法院作出的发明专利、实用新型专利、植物新品种、集成电路布图设计、技术秘密、计算机软件、垄断第一审民事案件判决、裁定而提起上诉的案件；
（二）不服北京知识产权法院对发明专利、实用新型专利、外观设计专利、植物新品种、集成电路布图设计授权确权作出的第一审行政案件判决、裁定而提起上诉的案件；
（三）不服高级人民法院、知识产权法院、中级人民法院对发明专利、实用新型专利、外观设计专利、植物新品种、集成电路布图设计、技术秘密、计算机软件、垄断行政处罚等作出的第一审行政案件判决、裁定而提起上诉的案件；
（四）全国范围内重大、复杂的本条第一、二、三项所称第一审民事和行政案件;
（五）对本条第一、二、三项所称第一审案件已经发生法律效力的判决、裁定、调解书依法申请再审、抗诉、再审等适用审判监督程序的案件；
（六）本条第一、二、三项所称第一审案件管辖权争议，罚款、拘留决定申请复议，报请延长审限等案件；
（七）最高人民法院认为应当由知识产权法庭审理的其他案件。
（央视记者 李文杰）"
2019-01-01 14:57:01,史上最远“邂逅”！“新视野”号探测器飞越“天涯海角”,"[!--begin:htmlVideoCode--]1e24cb1244dc408a9b55ebdd665fa999,0,1,news[!--end:htmlVideoCode--]
美国“新视野”号探测器1日近距离飞越一颗昵称为“天涯海角”的太阳系边缘小天体。这是人类探测史上最遥远的一次星际“邂逅”。
美国东部时间1日零时33分，北京时间今天（1日）13时33分，“新视野”号以每小时约5万公里的速度从距离“天涯海角”3500公里处飞过。此时，“天涯海角”距太阳大约65亿公里，比冥王星还远约16亿公里，从“新视野”号传回的信号需6个多小时才能抵达地球。"
2019-01-01 14:51:26,俄罗斯一居民楼因天然气爆炸垮塌：已致七人遇难 数十人下落不明,"[!--begin:htmlVideoCode--]db680cfb64994725b949bce781d3fc26,0,1,news[!--end:htmlVideoCode--]
当地时间12月31日清晨6点左右，俄罗斯西部车里雅宾斯克州马格尼托哥尔斯克市发生居民楼天然气爆炸事故，造成这栋居民楼一个单元的建筑从上到下全部垮塌。
据俄罗斯媒体援引俄罗斯紧急情况部的消息，截至目前，事故已造成至少7人遇难，另有三、四十人下落不明，可能被埋在废墟下。
俄罗斯总统普京亲自赶往事故现场听取情况汇报。
据俄罗斯紧急情况部网站发布的消息，这次天然气爆炸发生在马格尼托哥尔斯克市西部的一幢10层居民楼。事发后被疏散的居民已在附近学校得到安置。
据幸存者回忆，爆炸发生在这个单元某个低层楼层，在爆炸后几分钟内，楼房并没有发生垮塌，住在高层的部分居民还从阳台不停地向下观望。当听到有人呼喊“打电话叫救护车、消防队”并看到火光后，一些意识到危险的居民才从楼内逃出。随后，这个单元的住宅整体垮塌。
事故幸存者 尤利娅·加夫里洛娃
：我们正在睡觉，我突然觉得自己在下坠，起初我还以为自己在做梦呢，但随后我意识到我真的是醒了，而墙塌了。我母亲尖叫起来，说她喘不上气来，我儿子也在尖叫。
俄罗斯总统普京在事发后乘机抵达马格尼托哥尔斯克市，视察事故现场，并听取车里雅宾斯克州州长的情况汇报。
俄罗斯总理梅德韦杰夫对这次事故中的遇难者表示哀悼，对死者家属表示慰问，并表示政府将采取一切必要措施救治伤者。
救援队借助无人机和嗅探犬昼夜搜救并清理废墟。天气预报显示，入夜后，马格尼托哥尔斯克市的最低气温将降至零下20摄氏度。救援人员担心，随着时间流逝，在废墟下找到生还者的希望会越来越小。　
目前，俄罗斯联邦侦查委员会已对这次事故展开刑事调查。"
2019-01-01 16:14:07,泰国宫务处宣布国王将于今年5月加冕,"当地时间1日，泰国宫务处发布官方文件宣布，泰国拉玛十世国王玛哈·哇集拉隆功将于2019年5月4日-6日举行加冕大典。
2016年11月29日，泰国国家立法议会主席蓬贝宣布，时任泰国王储玛哈·哇集拉隆功继承王位，为泰国新君王。随后玛哈·哇集拉隆功于2016年12月1日完成即位仪式，正式成为泰国新国王。玛哈·哇集拉隆功今年66岁，是泰国曼谷王朝的第10位国王，称拉玛十世王。（央视记者 骆魏）"
2019-01-01 15:03:13,【全面二孩三周年】2+2的生活 虽累却值得,"[!--begin:htmlVideoCode--]964826f8f18f4f67ba1d646fcf0171f5,0,1,news[!--end:htmlVideoCode--]
今天（1月1日）是我国实行全面二孩政策三周年，国家卫健委最新的数据显示，2017年和2018年连续两年，全国新出生二孩已占出生人口比重一半以上，二孩政策效果初显。记者发现2+2的家庭生活伴随着更多的辛苦和压力，但也让这些家庭享受到了别样的幸福。
这是北京一家规模不大的社区幼儿园，现在园里60%左右的小朋友都来自二孩家庭。
家长
：两个孩子是我的标配，要是说自由的幸福感可能会没有那么大，但是情感上的幸福还是挺好的。
家长
：生命最初的样子啊，我觉得孩子在某些程度上能把大人从迷雾中带出来，反正我是这样的。
家长
：爸爸妈妈陪玩的乐趣和兄弟姐妹之间玩的乐趣完全不一样。
记者
：你们喜不喜欢自己的弟弟妹妹？
小朋友
：喜欢。
果果
：我喜欢我带妹妹玩。
5岁的妮妮有个2岁多的弟弟小九，她的爸爸妈妈是这所幼儿园最年轻的家长，都不满30岁，自己都是独生子女。现在两个人正在一起创业，照顾孩子更多时候是要依靠家里的老人。
妮妮姥姥
：老人不帮把手我觉得这个很不现实。互相帮忙没有埋怨，心里没有这份抱怨的时候你带孩子心态要好的多，真真正正体会到天伦之乐不是谁都能享受到的。
和所有的二孩家庭一样，妮妮和小九的的日常相处模式就是那句话“爱恨只在一瞬间”。
二孩家庭的父母在家经常要充当的角色就是调解员，妮妮家的处理方式是不涉及是非和造成伤害的争执一般不太干涉，家里玩具区有发泄角，觉得委屈的一方可以去那平复一下，很多时候孩子再出来就和好了。
妮妮
：我很久很久才能喜欢他（弟弟），因为他跟我抢玩具。
妮妮爸爸妈妈一个孩子的时候偶尔还可以出去玩，现在两个孩子，为了让老人少辛苦一点，现在基本就是上班、下班、回家带娃。他们说两孩彻底改变了生活、家庭关系，最重要的改变了他们自己。
妮妮妈妈
：自己当了父母之后，几乎就没有再跟父母说顶过嘴，尤其是像他也是一样，因为男孩子有时候可能更不理解的更多一些，他现在对他父母也是，自己当了父亲之后觉得确实很不容易，所以对爸妈我们关系越来越好，家庭和睦我觉得比之前要好太多了。
在一项全国性的生育意愿调查中显示，选择生二胎的诸多原因中，最重要的还是感觉一个孩子太孤单，这个情感因素占比近六成。在要不要生二胎的问题上，有40%左右的人表示已生二胎或正在准备要，接近20%的人坚决表态不生。从年龄上来看，明显呈现出年纪越小越不想生二胎的趋势。
浙江家长
：培养一个孩子不管是精力还是金钱，各方面都要投入很大，我跟我老公都上班，没有那么多精力去照顾他们。
对于很多家庭来说，要不要两个孩子既要通盘考虑现在家庭的财力、物力、人力，压力还来自于未来，两个孩子的教育、医疗、社会保障等等，希望国家能有更多的政策支持。
江苏家长
：尤其是高龄产妇，出现危险状况也很多，有这种配套设施最好了，能对产妇有多方面的照顾和帮助。
近年来，我国的妇幼健康服务公平性、可及性不断提高，2017年全国孕产妇系统管理率达89.6%，3岁以下儿童系统管理率达91.2%，孕产妇住院分娩率达99.8%，妇幼健康均等化程度大幅提升，孕产妇死亡率、婴儿死亡率等妇幼健康核心指标总体上优于中高收入国家平均水平。尤其是全面放开二孩政策实施后，在孕产妇婴幼儿保健等公共服务供给方面相继出台了配套政策，公众关注的0到3岁托幼机构建设、二孩产假政策等都在加紧制定中。
中国人口学会会长 翟振武
：我们都在讲大家有美好生活的追求，有的人就认为要多生两个孩子是他美好生活追求的一部分，我觉得在这个意义上是满足了广大群众的意愿。我们的家庭规模扩大了，家庭发展能力有了很大的促进和提高，有一句话叫家是最小国，国是千万家，所以家庭发展能力的提高，家庭的和谐、家庭的发展，这一定是我们组合起来，就是我们国家的强大和发展。"
2019-01-01 14:19:47,乌克兰启动总统大选候选人登记工作,"[!--begin:htmlVideoCode--]2a496b4713b4460e970ed4709c0af30d,0,1,news[!--end:htmlVideoCode--]
2018年12月31号，乌克兰启动总统大选候选人登记工作和候选人竞选活动。预计候选人竞选活动将在2019年3月29号深夜结束，大选日期确定为2019年3月31号，大选结果将于2019年4月10号揭晓。如果没有任何一位候选人的得票数超过半数，选举将会进入第二轮。最迟2019年5月1号，乌克兰中央选举委员会必须确定选举的最终结果，总统就职仪式将在2019年5月31号前举行。"
2019-01-01 14:02:51,这些大事，让2019年注定不凡,"今年是新中国成立70周年，也是全面建成小康社会关键之年，第二届“一带一路”国际合作高峰论坛，新个税法实施等一系列国家大事和民生关切，让新的一年备受期待。
△2018年12月31日，杭州“武林跨年”活动。/视觉中国
这些时间节点很关键
新中国成立70周年
今年，我国将迎来中华人民共和国成立70周年。70年风云际会，中国从一个积贫积弱的国家，一跃成为当今世界第二大经济体，综合国力的历史性跨越世人瞩目。
人民海军、空军建军70周年
1949年4月23日，中国人民解放军海军部队在江苏省泰州白马庙乡诞生；同年11月11日，中国人民解放军空军司令部在北京成立。今年，人民海军和空军将迎来成立70周年纪念。历经70年锤炼，如今，国产航母完成海试，歼-20翱翔蓝天......中国海军、空军正以更强大的实力守卫着祖国的碧海蓝天。
△2016年11月21日，中国海军第24批护航编队参加中巴海军联合演习。/视觉中国
五四运动100周年
今年是五四运动100周年。1919年5月4日是中国近代史上一个标志性时间点，从那天开始，一场中国人民反对帝国主义、封建主义的爱国运动展开。五四运动成为中国旧民主主义革命走向新民主主义革命的转折点。
澳门回归20周年
“你可知Macau不是我真姓，我离开你太久了母亲……”今年，我们将迎来澳门回归祖国20周年纪念。20年来，澳门与祖国共奋进，融入国家发展大局，成为中国和国际社会交流的重要窗口……随着粤港澳大湾区建设推进、去年港珠澳大桥的建成通车，澳门也将迎来发展的新机遇。
△1999年12月20日，澳门回归。政权交接仪式。/视觉中国
中美建交40年
2019年1月1日，中美迎来建交40周年。40年来，中美关系获得的巨大发展已经远远超越了当年的预期。中美交往40年的风雨坎坷也给了足够多的教训和启示。合则两利，斗则俱伤。如今，“不惑之年”的中美关系，能否穿透迷雾，向着合作共赢迈进，不仅事关两国人民利益，也将对国际社会产生深远影响。
这些大事很重要
2019年全国两会
在经历机构改革之后，去年成立的中国新一届政府本次两会将亮出怎么样的“成绩单”？全面建成小康社会的关键之年，中国将如何规划这一年的工作？值得关注。
第二届“一带一路”国际合作高峰论坛
时隔两年，今年4月，第二届“一带一路”国际合作高峰论坛将在北京举办。2018年12月11日，国务委员兼外交部长王毅出席2018年国际形势与中国外交研讨会开幕式时提到，第二届“一带一路”国际合作高峰论坛将是2019年中国最重要的主场外交，也是共建“一带一路”进入新阶段的重要标志。
△2018年9月8日，北京“一带一路”大型互动景观雕塑《丝路金桥》。/视觉中国
第二届中国国际进口博览会
2019年11月，第二届中国国际进口博览会将再度在上海举办。中国国际进口博览局副局长孙成海介绍，第二届进博会举办时间和地点均与首届一致，展览布局和规模继续包括国家综合展、企业商业展和虹桥论坛。此外，第二届进博会总展览面积将超过首届。
2019中国北京世界园艺博览会
作为国际级别最高的世界园艺博览会，2019中国北京世界园艺博览会将于2019年4月29日至10月7日举办。目前，北京世园会已创下A1类世园会国际参展方数量最多的纪录。在160多天的会期内将举办2500场文化活动，包括开幕式、中国馆日、闭幕式、国家日、荣誉日、省区市日、花车巡游等等。
这些大工程很吸睛
北京新机场落成
作为中国基础设施建设的又一项大工程，北京新机场将于今年与民众见面。目前，新机场的名称已被确定为“北京大兴国际机场”，其主体和配套工程将于今年6月30日竣工验收，9月30日前投入运营。
△航拍北京新机场/视觉中国
嫦娥五号奔月
2018年12月，中国成功发射嫦娥四号探测器，将实现人类首次月球背面软着陆。今年，“嫦娥奔月”或将再度上演。据中国国家航天局此前透露，中国将于2019年发射嫦娥五号月球探测器，实施月球采样返回任务，实现中国探月工程“绕、落、回”三步走中“回”的目标。
京张高铁将完工
京张高铁是京津冀协同发展的重要基础工程，也是2022年北京冬奥会的重要交通保障设施，预计将在今年年底建成通车。高铁建成后，京张两地的客运时间将缩短为不到1个小时。
这些民生热点要知道
新个税法实施
新个税法自2019年1月1日起全面实施。个税起征点提高到每月5000元，纳税人可享受子女教育、继续教育、大病医疗、住房贷款利息或者住房租金、赡养老人等个税专项附加扣除。
△资料图/视觉中国
首部电商法落地
中国电商领域首部综合性法律《电子商务法》于2019年1月1日起正式施行。新法明确电子商务经营者应当依法办理市场主体登记，应当依法履行纳税义务。个人代购、微商等行业将迎来重塑。
为了更加便于阅读与记忆
央视新闻以
日历
的形式
梳理了2019年将会发生的大事
一目了然
戳图收藏
▌本文来源：央视新闻综合中新网"
2019-01-01 13:34:17,全国铁路迎来返程客流高峰 预计1月1日全国铁路发送旅客1150万人次,"记者从中国铁路总公司获悉，2019年1月1日，全国铁路将迎来返程客流高峰，预计发送旅客1150万人次，加开旅客列车318列。
12月31日，全国铁路开行旅客列车8215列，其中加开列车183列，共发送旅客917.2万人次，与去年元旦同比增加44万人次，其中，上海局集团公司发送旅客192.3万人次，同比增长6.1%；广州局集团公司发送旅客157.4万人次，同比增长14.3%；成都局集团公司发送旅客82.6万人次，同比增长23.7%。
随着去年底10条新线开通运营，我国铁路营业里程达到13.1万公里，其中高铁2.9万公里，运输能力得到新的提升。为应对假日返程客流高峰，铁路部门充分利用新线运能，加大运力投放，优化运输组织，最大限度满足旅客出行需求。哈尔滨局集团公司发挥哈尔滨至牡丹江、佳木斯、齐齐哈尔等高铁的作用，加开5对动车组、重联15对动车组，方便旅客返程；沈阳局集团公司精心组织京哈高铁承德至沈阳段、新民至通辽高铁两条新线运输，开通以来累计发送旅客分别达到5万、2.5万人次，高铁成为沿线群众出行首选；郑州局集团公司增开商丘、焦作、安阳等地往返郑州的高铁、城际列车10.5对，方便短途旅客出行；武汉局集团公司增开北京、宜昌、襄阳等热门方向动车组85列，重联运行12列；西安局集团公司在西安至成都高铁加开多趟动车组，平均18分钟一趟，列车间隔最短时间仅需5分钟；济南局集团公司在济南东站加开6趟动车，对部分车次扩大编组；南昌局集团公司在新开通的南平至龙岩铁路开行动车组14对，平均客座率达到90%以上，为沿线旅客提供了安全、快捷、舒适的出行方式。
铁路部门提示广大旅客，节日期间旅客出行较为集中，已通过互联网、电话成功预订车票尚未取票的旅客，请尽量提前取票；近期部分地区气温降低，旅客朋友出行请注意保暖；乘车时请携带车票及与票面信息一致的有效身份证件，预留充足时间取票、安检、验票、换乘，以免耽误行程。（央视记者 杨丽君）"
2019-01-01 13:31:16,新春气象 全国各地喜迎新年,"[!--begin:htmlVideoCode--]12cd8d7a27a3423da360005178363a14,0,1,news[!--end:htmlVideoCode--]
辞旧迎新之际，全国各地举行丰富多彩的活动，喜迎新年的到来，传达对美好生活的向往。
北京：新年倒计时在奥林匹克公园举行
2019北京新年倒计时活动在奥林匹克公园庆典广场举行。大屏幕上冰雪健儿矫健飞驰，带领观众一起穿越了河北张家口、北京延庆、首钢大跳台、国家速滑馆、鸟巢和水立方等冬奥场馆，最后到达奥林匹克公园庆典广场。新年钟声在庆典广场上响彻云霄。
上海：迎新年“四叶草”举行跨年跑活动
上海的新年倒计时在太平湖公园举行，今年的迎新主题为“新时代唱响未来”，水上舞台的整体造型为一艘大船，寓意着中国梦的起航。
第二届中国国际进口博览会的倒计时牌昨晚在上海国家会展中心亮起，标志着第二届进博会正式进入倒计时。四千多名市民参加了进博跨年跑。10公里的赛道，让参赛者充分体验了进博会的场馆之大。
陕西西安：千年大雁塔下辞旧迎新祈福新年
跨年夜，在古城西安，拥有千年历史的大雁塔灯光璀璨。名为《再回雁塔》的实景演出拉开了跨年序幕。由2019盏彩灯装点出的莲花造型，寓意着人们对美好生活的向往。
江苏南京：民俗跨年 钟声中祈愿2019
在江苏南京，一万多名游客来到牛首山文化景区。人们撞响新年大钟，庆祝新年的到来。
香港：36万人维港倒数 喜迎2019
在香港维多利亚港，36万市民和游客共同迎接新年。零点一到，烟花次第绽放10分钟，45款不同图案的烟花陆续绽放，将维港上空化为一片美丽花海。
澳门：跨年演唱会热闹迎新年
2019年是澳门回归祖国20周年，数万名澳门市民及游客昨晚齐聚澳门西湾湖广场和龙环葡韵，参加跨年倒数演唱会。
澳门市民
：回归二十周年了，希望澳门越来越好。
澳门市民
：祝祖国越来越好！"
2019-01-01 12:11:32,菲律宾总统杜特尔特发表新年贺词 彰显反毒灭罪决心,"2019年1月1日，菲律宾总统杜特尔特发表新年贺词。他在贺词中强调了菲律宾打击毒品犯罪和腐败现象的决心。
杜特尔特在贺词中说，我和菲律宾人民一起共庆新年的到来。让我们共同携手，打击毒品、犯罪和腐败等妨碍我们发展的现象。只要菲律宾人民团结爱国，我坚信我们能战胜一切艰难险阻，最终实现繁荣和进步。
杜特尔特说，不要害怕前进路上的绊脚石，只要菲律宾人民团结一致，用知识武装头脑，用希望战胜困难，就必将在斗争中获得胜利。
菲律宾总统杜特尔特自2016年上台以来就铁腕打击毒品和犯罪。这也成为他的执政特色之一。（央视记者 黄铮铮）"
2019-01-03 06:08:50,俄罗斯莫斯科新年庆祝现场一桥梁坍塌 13人受伤,据莫斯科市政府发布的消息称，当地时间1号凌晨，位于莫斯科高尔基公园内的一座木质桥，在举行新年庆祝活动时发生坍塌，导致13人受伤。目前伤者已被送往医院进行救治，均无生命危险。网友拍摄的视频显示，当时桥梁上站满了庆祝新年的群众，午夜刚过，现场正在奏俄罗斯国歌，随后发生了坍塌，桥上的人群摔向了地面。据调查，该木质桥为一座两层楼高的过街桥，坍塌的原因初步估计为超载，具体原因仍在调查中。（央视记者 张誉耀）
2019-01-01 18:45:24,【我和我的祖国】央视主播奥运健儿向祖国献上深情告白,"[!--begin:htmlVideoCode--]a25f3b9eb226d8226851bcd72675fd02,0,1,news[!--end:htmlVideoCode--]
“我和我的祖国，一刻也不能分割……”元旦前夕，在国家博物馆，央视主播康辉、海霞，奥运健儿傅园慧、苏炳添 等，一同唱响《我和我的祖国》，向祖国献上最深情的告白和祝福！看视频转发分享，一起比心中国。
（央视记者 许强 李昕 冯新杰 曹阳 刘辉辉 黄娅琴 张秋霞 侯婷婷 李丹 尹庚午 姜虹 宋海兰 辛娟 王洪冰 郭颖洁 张倩茹 殷羽彤 郭伊 霍礼博 王光桉 张璇 摄像 王达 谢小龙）"
2019-01-01 10:43:59,新年第一天，去南方看雪！,
2019-01-01 19:19:43,习近平就古巴革命胜利60周年向古巴领导人致贺电,"[!--begin:htmlVideoCode--]81987b07571945d498bedb238ea225c9,0,1,news[!--end:htmlVideoCode--]
1月1日，中共中央总书记、国家主席习近平就古巴革命胜利60周年向古共中央第一书记劳尔·卡斯特罗、古巴国务委员会主席兼部长会议主席迪亚斯-卡内尔致电，代表中国共产党、中国政府和中国人民表示热烈祝贺。
习近平在致劳尔第一书记的贺电中指出，60年来，在古巴共产党坚强领导下，古巴政府和人民艰苦奋斗，在社会主义建设事业中取得伟大成就，中国党、中国政府和中国人民表示高度赞赏和祝贺。中古两党和两国关系经受住国际风云变幻考验，取得丰硕成果，我们成为好朋友、好同志、好兄弟。我高度重视中古友好关系发展，愿同你一道努力，引领两国关系继续阔步前行。
习近平在致迪亚斯-卡内尔主席的贺电中表示，古巴党和人民正致力于进一步更新和完善社会主义制度，古巴社会主义事业必将实现新发展。一个多月前，你来华进行历史性的国事访问。我们共同规划了两国关系新时期发展蓝图。我愿同你一道努力，推动中古关系不断向前迈进。
同日，国务院总理李克强也致电迪亚斯-卡内尔主席。李克强表示，今天，古巴国家发展事业蒸蒸日上，将迎来更加美好的明天。中古相互理解，相互支持，中古关系全面深入发展。祝愿在中古双方共同努力下，两国传统友谊不断结出新的硕果。"
2019-01-01 09:59:05,脱口秀《世说“新”语》丨离2019年，你或许还差一个字,"[!--begin:htmlVideoCode--]5ea7b9b4f24583afdba9a6f96062a4d6,0,1,news[!--end:htmlVideoCode--]
又是一年新年到，央视新闻新媒体推出脱口秀特别节目《世说“新”语》。从花样百出的“年夜饭”到意想不到的跨年活动，从热情奔放的拉丁美洲到同在亚洲的近邻，央视记者带你走遍全球过新年。
元旦已至，2019年的时间大门已经打开，你准备好了吗？跨了年，许了愿，还有什么是需要做的呢？当然是要行动起来。新的一年里，无论立的flag是想官宣幸福，C位出道，还是燃烧你的卡路里，归根到底都得干出挥汗如雨。《世说“新”语》第六期，跟着央视主持人沙晨一起回忆2018、开启2019吧！
监 制：杨继红 唐 怡
策 划：郑 弘
编 导：杜 丹 王子元 关美璐 梁 震 单宏鑫
记 者：沙 晨"
2019-01-01 10:13:46,习近平主席新年贺词引发强烈反响 向着美好生活奔跑 我们都是追梦人,"[!--begin:htmlVideoCode--]212a5750089549b582078f564bef501d,0,1,news[!--end:htmlVideoCode--]
习主席在2019年新年贺词中，提到了快递小哥、出租车司机、环卫工人等千千万万劳动者，以及科研人员、“00后”大学生们，这些一线劳动者和青年学子收听收看习主席的新年贺词后，备受鼓舞，纷纷表示要在各自的工作和学习中，接力奋斗，与祖国一起奔跑，追梦。
8年前来到北京的高朋岗，第一份职业在服装厂做工人，那时的薪水每月只有1200元，如今当了“快递小哥”给客人送餐，虽然天天奔忙在路上，每月却可以挣到8000块钱。
快递小哥 
高朋岗
：
2018年我工作很忙，但是我很开心。怎么说呢，我们这种工作岗位上的人，一般没有人会去想的，没想到习主席还想着我们，惦记我们，心里特别特别的暖。我唯一亏欠的是我的父母和我的孩子、我的老婆，在2019年我祝愿我的父母身体健康，祝愿我的孩子学习越来越好，我要努力赚钱买一辆属于我自己的车，带着他们出去旅游。
开出租车19年、41万人次、200多万公里，无事故、无违章、零投诉、零遗失，全国五一劳动奖章获得者王建生，当得起一名好司机。
北京北方出租汽车有限责任公司出租车司机 王建生：
第一次在新年贺词当中，一个国家主席提到了我们出租车司机，非常激动。如果不是出于安全的角度，我会大声地说出来，这是在说我们，这是对劳动者的赞美，也是对我们驾驶员，每一个出租车司机工作的肯定。没说的，那就是在自己的工作岗位当中，努力工作，为百姓出行提供安全快捷的服务。只有我们千千万万的劳动者都在奋斗当中，我们才能创造出我们现在这样美好的幸福生活。
2018年的最后一天，环卫工人在清扫中迎接着新年的到来。值得欣慰的是，“爱心小屋”、“爱心驿站”过去一年中已经建成2万多家，常年户外劳动的一线工人有了取暖歇脚的地方。
全国三八红旗手、北京朝阳区环境卫生服务中心四队环卫工人 朱凤荣：
刚才听了习主席新年贺词，提到了我们环卫工人，我这心里特别高兴。主席这么忙，国家大事这么多，还惦记着我们环卫工人。作为我怎么干呢？ 用我自己的双手，把我们北京打扮得更漂亮，做出我的一份力量。
北京朝阳区环卫工人 王磊：
听了习主席新年贺词，我们感觉特别高兴和自豪。自豪同时，更是一种责任和担当，我们要传承老一代无私奉献的环卫精神，在新时代用我们的双手和智慧，（把城市）装点得更加美丽。
2013年加入消防救援队伍的姚子龙，大大小小的灭火执勤任务已经参加了1500多次。五年来的每一个节日，他都没有回过家。
北京朝阳区左家庄消防救援中队中队长 姚子龙：
习主席在2019年贺词中感谢了美好生活的守护者和创造者，因为我们全体消防指战员也是美好生活的守护者，所以我对这句话的印象也最为深刻。2018年作为改革之年， 我们身份发生了改变，退出了现役。但是我们维护人民生命财产安全的决心不会发生改变，我们还将一如既往 ，枕戈待旦，坚守在自己的岗位上，为人民的幸福生活贡献自己的力量。
在铁路一线工作了20多年的燕展望，在刚刚过去的一年中通过积分落户政策拿到了北京户口，努力奋斗，让他梦想成真。
中国铁路北京局集团有限公司北京车务段调车指导 燕展望：
习近平主席在新年贺词里特别提到“非户籍人口在城市落户的行动正在继续”。这个事真的在我身上已经实现了，因为我前不久刚刚拿到了这个，不容易，成为了第一批通过积分落户的新北京人。我从心底里感到，在北京安了家，有了一种归属感。让我们没有后顾之忧，一门心思努力奋斗，去实现自己的梦想。
记者：
习近平主席新年贺词里让你印象最深刻的是哪句话？
上海交通大学机械与动力工程学院大一学生 张昊
：
我记得在习近平主席的新年贺词之中，特别提到的一个群体，那就是00后也步入大学了。我恰巧就是刚过去一年里，我就是来到这个大学里了，然后我刚好是2002年（出生）的。那更恰巧的是明天（元旦）就是我的生日，我就纯粹地把这个习近平主席的新年贺词当做是我的一个生日祝福。
00后的张昊刚步入大学，就已经参与到学校的“本科生研究计划”，和硕士、博士一起做实验搞研究。对小张来说，这既有压力更有动力，因为他已经向着自己的梦想更早地出发。
上海交通大学机械与动力工程学院大一学生 张昊：
这个梦想，对我而言，就是在大学有一个充实大学生活，甚至于发表一份《nature》，然后根据这个理想的话肯定要努力奋斗。习主席提到了一句就是，他说需要中国加速度，大家都知道加速度需要的什么，加速需要力啊。我们肯定得齐心协力去把这些中国事业去推动，我们就是汇集这些力的一些微小的个体，我就是其中一员，所以我更得把这个力给落实到我的明年学业之中。
南仁东是“中国天眼”的主要发起者和奠基人，2018年10月，国家天文台将发现的国际永久编号为“79694”的小行星，正式命名为“南仁东星”。
FAST工程总工助理、高级工程师 潘高峰：
习主席在新年贺词当中提到了“南仁东星”，这不仅是对我们工作的认可，也说明了习主席在时刻关注着我们科技工作者。
FAST工程调试组成员、工程师 雷政：
FAST作为探索宇宙奥秘的国之重器，我们深感肩负着主席和全国人民对我们殷切期盼的历史重任，我们必将继承南老师的FAST精神，全力以赴完成望远镜调试任务。
北京协和医院产科中心副主任 高劲松：
习主席说咬定目标使劲儿干，就是让我们不忘初心、继续前行。我们每天都迎接着新生命的到来，他们是我们祖国的未来和希望，性命相托，必将全力以赴。
快递小哥：
我作为一个中国人感觉自豪，祝我们的祖国繁荣富强，越来越强，中国，加油！
出租车司机：
我要在2019年，同祖国一起腾飞，同祖国一起进步，同祖国一起奔跑。
00后大学生：
2019，我和我的祖国一起奔跑。
积分落户务工人员：
2019，我和我的祖国一起奔跑。
FAST射电望远镜工作人员：
2019，我和我的祖国一起奔跑。
环卫工人：
2019，我和我的祖国一起奔跑。"
2019-01-01 12:48:44,金正恩新年贺词：有意重启开城工业园区和金刚山旅游,"[!--begin:htmlVideoCode--]dde0209f630b424a96d54a834fd19847,0,1,news[!--end:htmlVideoCode--]
据朝鲜中央电视台1日报道，朝鲜最高领导人金正恩在2019年新年贺词中提及北南关系时表示，有意重启开城工业园区和金刚山旅游。根据2018年9月19日朝韩首脑于平壤签署的《九月平壤共同宣言》，一旦条件具备，朝韩将优先恢复运营开城工业园区和金刚山旅游项目。此后在2018年11月，金刚山地区举行了一系列北南团体的相关活动。（央视记者 董海涛）"
2019-01-01 09:31:40,元旦假期第二天 全国铁路发送旅客915万人次,"[!--begin:htmlVideoCode--]64232b75163b44cdb9c50db57b315c4a,0,1,news[!--end:htmlVideoCode--]
昨天（12月31日）是元旦假期第二天。全国铁路昨天发送旅客915万人次，加开旅客列车204列，随着高铁网络更加密集，高铁假日游成为许多旅客出行首选。
这两天，京沪高铁济南西、泰安、曲阜等站到达客流明显增多。沈阳局集团公司增开“冬捕专列”，方便旅客前往查干湖。为游客登山跨年提供充足运力保障，西安局集团公司每天开行西安北至华山北间往返动车组列车86趟。
针对湖北、湖南、江西、安徽等地冰冻雨雪天气影响道路运输，铁路客流大幅增加的情况，多地铁路部门启动应急预案，南昌局集团公司集中力量昼夜扫冰除雪，再用防冻液为设备穿上“外衣”。此前晚点的京广高铁部分上下行列车，在2018年12月31日上午已经恢复正常运行。目前北京各大火车站到、发旅客均保持高位运行。受雨雪天气后续影响，2018年12月31日长三角多地原计划通过民航、公路出行的部分旅客改由铁路出行，长三角各重点高铁站迎来一波大客流。"
2019-01-01 09:21:59,元旦首日看升旗 2019祝福祖国,"[!--begin:htmlVideoCode--]81844555f48f46d484d916ecccf7fe54,0,1,news[!--end:htmlVideoCode--]
今天是2019年的第一天，按照惯例，今天早上，天安门广场举行了隆重的升国旗仪式，来自全国各地的群众聚集在天安门广场观看了升国旗仪式，共同迎接新年。"
2019-01-01 09:20:45,世界各国迎新年 你好，2019,"[!--begin:htmlVideoCode--]7fe4202494ac41c5b9fdaa4ba998f8ad,0,1,news[!--end:htmlVideoCode--]
从北京时间昨晚开始，随着新年钟声的敲响，全球各地在各种绚烂的烟花和灯光秀中陆续进入了2019年。↑↑戳视频，一起看世界各国如何迎新年？"
2019-01-01 09:19:19,国家税务总局：再取消20项税务证明事项,"[!--begin:htmlVideoCode--]fd0483a1ba5043b2b4e7853fd425fe29,0,1,news[!--end:htmlVideoCode--]
国家税务总局近日发布关于取消20项税务证明事项的公告，决定取消20项税务证明事项，涉及168项具体办税事项，切实精简企业和个人办税需提供的有关证明。  
从涉税领域来看，取消的20项税务证明事项涉及税款征收1项、税收优惠19项。
公告明确，税款征收类取消了“不可抗力的事故证明”，纳税人因不可抗力需要延期缴纳税款的，不再需要提交公安机关出具的遭遇不可抗力的事故证明，改为在申请延期缴纳税款书面报告中对不可抗力情况进行说明并承诺属实，税务机关事后根据需要进行抽查。
取消涉及税收优惠类的19项证明，涵盖了167个具体办税事项，包括35个办税事项所需的“单位性质证明”、91个办税事项所需的“房屋、土地权属证明”、9个办税事项所需的“土地用途证明”、5个办税事项所需的“个人身份证明”，以及其他27个办税事项所需的产品合格证明、中介机构专项报告等 。"
2019-01-01 09:30:26,2019新年献词：我和你，在一起,"我和你，在一起
——央视新闻2019新年献词
70年前的今天，1949年1月1日的《人民日报》头版头条，发表了毛泽东两天前在西柏坡写就的新年献词《将革命进行到底》。他在文中写到，1949年将要“宣告中华人民共和国的成立”。人民共和国，此刻，已在东方的地平线上，露出第一道霞光。
40年前的今天，1979年1月1日的《人民日报》头版头条，发表了《告台湾同胞书》。这个版面的下方还提到了一件事情：今天中美建交。这一天，作出了重大历史性决策的党的十一届三中全会，刚刚闭幕一个多星期。一个改革开放的中国，正跃出东方。
今天，2019年1月1日。很多人选择在天安门广场与五星红旗同迎日出。很多人选择用假日里的懒觉，开启这注定仍将忙碌的一年。很多人在踏雪，在朋友圈里让雪景刷屏，很多人在忙着疏导雪中交通。习近平主席前一晚表示“大家还要一起拼搏、一起奋斗”，三天前他再提“将革命进行到底”，十几天前他号召“将改革开放进行到底”。一个即将迎来70华诞的新中国，正昂扬、平实、笃定地屹立在东方。
对祖国最大的敬意，就是和她在一起。对新中国70华诞最好的祝贺，就是和她在一起。风雨兼程时，在一起。共享荣光时，在一起。奋力再出发时，在一起。
祖国，我和你在一起。
我的祖国和我，像海和浪花一朵，浪是海的赤子，海是那浪的依托。
时代，我和你在一起。
七十载披荆斩棘，四十载惊涛拍岸，而今，九万里风鹏正举，新时代扬帆起航，有幸我在，必须我在。
奋斗，我和你在一起。
新时代是奋斗者的时代，不懈奋斗着，身上累，心里踏实。
山河，我和你在一起。
山川浩荡，江河悠长，对你最好的爱，不是远观你，而是攀登于你的伟岸，逐浪于你的奔腾。
长路，我和你在一起。
路有多长，我的脚就走多久，路长何惧，脚底有风。
土地，我和你在一起。
你滋养我，我浇灌你，你支撑我每一步的前行，我赋予你无止境的精彩。
母亲，我和你在一起。
你和父亲健康长寿，便是全家之福，操劳的接力棒在我们手上。
爱人，我和你在一起。
新一年如每一年，愿有缘者刹那相遇，有爱者长久相守。
孩子，我和你在一起。
我呵护你也教导你，我抱着你也放开你，我要求你也相信你，我陪伴你也目送你。
同志，我和你在一起。
我们有共同的信仰和诺言，我们有一致的目标和纪律，都是人民的勤务员，一起来，把事办好。
朋友，我和你在一起。
风清气正之下，让我们成挚友、诤友，莫为损友、佞友。
自己，我和你在一起。
关心国家，也关照自己，带着平常心，做好寻常事，投身大我，成就小我，甘于平凡，勇于不平凡。
变局，我和你在一起。
世界面临百年未有之大变局，危与机同在，身处其中，更知思想引领之宝贵、实践创新之必要、化危为机之迫切。
困难，我和你在一起。
艰难困苦，玉汝于成。
压力，我和你在一起。
人无压力轻飘飘，前进路上不可能笔直通顺。压力，测量弹簧的底蕴，激发高远的抱负，陪伴未竟的征程。
欢乐，我和你在一起。忧伤，我和你在一起。平安，我和你在一起。
分担着海的忧愁，分享海的欢乐，这是浪花的承诺。欢乐着人民的欢乐，忧患着人民的忧患，这是公仆的职责。把安全的底线守护好，把平安的社会建设好，让家长们放心，让守法的企业家放心，这是仍需共同努力的目标。
家乡，我和你在一起。
你记住，不过年的时候我的心也牵挂着你，乡愁渗在骨髓里。
城市，我和你在一起。
希望你车水马龙处更加有序，背街小巷里更加温暖。
远方，我和你在一起。
在追梦的时代里，你唤醒着憧憬、冲动和出发，也要求着稳健、耐心和坚持，焕发着一个又一个行稳致远的故事。
收获，我和你在一起。
行囊里有物质的收获，头脑里有精神的收获，奋斗和收获是亲兄弟。
清醒，我和你在一起。
登高望远，居安思危，愈进愈难，愈进愈险，清醒是奋斗的助推剂。
创造，我和你在一起。
大国在每一个劳动岗位上都需要工匠，奋斗是创造的底色。
那些闪亮的名字，我和你们在一起。
新时代最可爱的人，你们是天上的星，却离我并不遥远。
信仰、信念、信心，我和你们在一起。
对马克思主义的信仰，对中国特色社会主义的信念，对实现中华民族伟大复兴中国梦的信心，伴我追梦，引我远行。
历史、今天、未来，我和你们在一起。
历史可作教科书，今天需要行动派，未来呼唤梦想家。
不确定性，我和你在一起。
乱云飞渡、风吹浪打，浪更急、路更陡，很多不确定性扑面而来，追梦路上，这是必答考题。
确定性，我和你在一起。
十三亿多人民实现民族复兴的决心是确定的，党的领导是确定的，我们走的道路是确定的，强大的国内市场是确定的。
笃定的心，我和你在一起。
越是遇到不确定性，越要牢牢把握确定性，笃定是追梦人的制胜密码。
在一起，这是最朴实的状态，这是最厚重的承诺，这是最可贵的信任，这是最无惧的坚定。
党和人民在一起，我和祖国在一起，新中国与时代在一起，新时代的中国与变局中的世界在一起。亲人们在一起成长，陪伴就是力量。同志们在一起拼搏，并肩就是支撑。奋斗者与难题在一起，愈挫愈奋，愈战愈勇。追梦人与征途在一起，人间正道是沧桑，追梦的中国永远在这儿。
改革开放，我和你在一起。
你是必由之路。
复兴伟业，我和你在一起。
你是最伟大的梦想。
五星红旗，我和你在一起。
你是属于新中国的高高飘扬的旗帜。
我和你，在一起，同追梦，共奋进。
文丨央视特约评论员 杨禹
往年央视新年献词回顾，点击图片阅读↓"
2019-01-01 09:09:29,金正恩表示已做好准备随时与特朗普对话,"资料图：朝鲜最高领导人金正恩（左）与美国总统特朗普在新加坡举行会晤。 
据朝鲜中央电视台1月1日报道，朝鲜最高领导人金正恩在2019新年讲话中表示，他已做好准备可随时与特朗普进行对话。（央视记者 董海涛）"
2019-01-01 09:04:53,【原创微视频】“一带一路”上的新年阳光,"[!--begin:htmlVideoCode--]b8d4db39def4cef94785886a037ccd7d,0,1,news[!--end:htmlVideoCode--]
在刚刚过去的2018年，中国“一带一路”朋友圈显著扩大，又有60多个国家和国际组织与我国新签署了“一带一路”合作文件，与我国进行“一带一路”合作的国家和国际组织总数达到150多个。
在2019年来临之际，央视记者赶赴世界各地，邀请“一带一路”的中外参与者、建设者在朝阳的光辉中共同演唱原创歌曲——《“一带一路”上的新年阳光》，为我们送出这份特别的新年祝福。
【
阿联酋
】
迪拜哈斯彦清洁燃煤电站项目现场副经理 约瑟夫：
我是第一次与中国公司合作。
【
圭亚那
】
首都国际机场扩建项目部员工 史云龙：
他们热心而积极，与各国共享知识和资源。
【
吉布提
】
国际自贸区项目员工 拉德曼：
我相信，我们将大有作为。
【
莫桑比克
】
卡腾贝居民：
“一带一路”项目改善了我们国家的方方面面。
【马来西亚
】
马中关丹产业园员工 阿米鲁：
参与“一带一路”我很自豪。
【
吉布提
】
国际自贸区项目员工 李舵亮：
开园的时候我们升国旗，那个时候国歌一奏响我感觉特别骄傲。
【
阿联酋
】
迪拜哈斯彦清洁燃煤电站项目土建工程师 孙明文：
祖国的发展和强大，给我们这些年轻人越来越多发展和实现自身价值的机会。
【
老挝
】
亚太卫星地面站副站长 郑雪松：
只有走出来了你才能知道一个繁荣昌盛的祖国对你的意义。
【马来西亚
】
马中关丹产业园员工 李忠伟：
在这里，让我们更加感到马来人民对我们的支持和欢迎。
【
莫桑比克
】
中国路桥莫桑比克办事处总经理 白鹏宇：
他们看到中国人就看到了他们国家未来发展的希望。 
【
黑山
】
莫祖拉风电项目中方负责人 李建超：
我们从简单的劳务输出，已经提升到了设备输出、管理输出以及标准输出。
【
圭亚那
】
首都国际机场扩建项目副经理 韩旭：
我希望我们的祖国能够引领时代的潮流。
【
阿联酋
】
迪拜哈斯彦清洁燃煤电站项目现场副经理 王立新：
今年我50周岁，可以说我的成长始终伴随着我们祖国改革开放的整个的发展进程。
【
老挝
】
亚太卫星地面站工程师 周国涛：
在过去的40周年里面，祖国有了翻天覆地的变化。
【
吉布提
】
国际自贸区项目员工 袁守诚：
祖国的繁荣昌盛其实离不开我们每一个人的努力。
【
阿联酋
】
迪拜哈斯彦清洁燃煤电站项目机务工程师 关自强：
我希望我的祖国越来越强大。
【
黑山
】
莫祖拉风电项目服务人员 拉伊科：
祝全中国人民新年快乐。
【
阿联酋
】
迪拜哈斯彦清洁燃煤电站项目现场副经理 约瑟夫：
新年快乐。
【
阿联酋
】
迪拜哈斯彦清洁燃煤电站项目公共关系经理 拉法特：
祝每个人新年快乐。
【
老挝
】
亚太卫星地面站工程师 顾凯：
新年快乐。
【马来西亚
】
马中关丹产业园员工 阿米鲁：
新年快乐。
【
吉布提
】
国际自贸区项目员工 拉德曼：
新年快乐。
【
圭亚那
】
首都国际机场扩建项目员工 蒂科夏：
新年快乐。
【
老挝
】
亚太卫星地面站员工：
你好2019，你好中国。
【马来西亚
】
马中关丹产业园员工：
你好2019，你好中国。
监制：曹日
制片人：华磊   
策划：宋巍 孟祥婷
编导：钱思羽 吴瑕 曹志
记者：骆魏 刘骁骞 田晓春 徐荃乐 李大杰 史跃 许弢
摄像：刘匯民 邢鸣 黄继顺 张宇 崔永斌
作词：甘世佳
作曲：张文圆
编曲：刘乐
剪辑：褚振雨
《“一带一路”上的新年阳光》
【歌词】
站在世界繁忙的肩上
迎来新年第一缕阳光
虽然我们 天各一方
却笑得一样的爽朗
汇聚不同色彩的眼眶
看尽五湖四海的风光
我们共商 我们共享
属于未来新的辉煌
一带一路 中国的路
开放的旗帜引领前途
新的一年 欢欣鼓舞
共谋发展的阳光大路
一带一路 世界的路
友谊的桥梁如此坚固
拥抱世界 欢欣鼓舞
我和我的祖国同迈步
（RAP）
当世界的这一边还在沉睡
另一边已露出新年的光辉
古老的东方丝路
引领了新的征途
听 全世界的脚步
汇聚在一带一路
我们跨越千山万水
为我和我的祖国举杯
在我们朋友圈 把希望放飞
祝愿世界更和美 我们友谊最宝贵
祝愿合作都顺遂 幸福留给全人类
一带一路 中国的路
开放的旗帜引领前途
新的一年 欢欣鼓舞
共谋发展的阳光大路
一带一路 世界的路
友谊的桥梁如此坚固
拥抱世界 欢欣鼓舞
我和我的祖国同迈步"
2019-01-01 08:58:58,2019 向阳而行 一起来追光吧,"[!--begin:htmlVideoCode--]6d8df768a7bf2c03bd84570b8c10d115,0,1,news[!--end:htmlVideoCode--]
翻山越岭，飞跃河海，我们迎接日出，我们向阳而行。2019，我们是追光者，我们是逐梦人，一起追光，实现梦想！"
2019-01-01 08:56:44,新年钟声敲响啦！喜迎2019 祝福2019,"[!--begin:htmlVideoCode--]1cd08e9d450d47e6a3bb86df88ad9de5,0,1,news[!--end:htmlVideoCode--]
今天零时，新年的钟声敲响，在跨年活动和祝福声中我们迎来了2019年。"
2019-01-01 20:37:20,持续关注丨英国警方称曼彻斯特维多利亚车站持刀砍人事件为恐怖主义袭击,"北京时间2019年1月1日20:35更新：
英国警方称，新年前夜发生在英国曼彻斯特的持刀砍人事件已被视为恐怖主义袭击。（央视新闻客户端 编译自美联社）
北京时间2019年1月1日7:33更新：
当地时间2018年12月31日晚间（北京时间2019年元旦凌晨），英国曼彻斯特维多利亚车站发生一起厨具刀伤人事件，三人受伤，受伤者中包括一名交警。据目击者说，一名30多岁的男子手持一把很长的厨具刀，疯狂砍向路人。目前伤者已被送往附近医院救治，行凶者已被警方控制，维多利亚车站及周边地带已被封锁，案情还在调查中。（央视记者 唐湘伟）"
2019-01-01 07:27:02,俄总统普京发表新年致辞,"（
图片来源：俄新社
）
31日俄罗斯总统普京发表2019年新年致辞。普京表示，俄罗斯从前没有、以后也不会有帮手，要想解决迫切问题，全国上下必须凝聚成一个团结一致的强大团队。由于俄罗斯境内有多个时区，远东地区多个地区的居民较莫斯科提前迎接2019年新年。（央视记者 顾鑫）"
2019-01-01 06:59:24,早啊！新闻来了〔2019.01.01〕,"要闻
2018年12月31日，国家主席习近平通过中央广播电视总台和互联网，发表二〇一九年新年贺词。习近平表示，我们都在努力奔跑，我们都是追梦人；2019年，有机遇也有挑战，大家还要一起拼搏、一起奋斗。
>>>详情
[!--begin:htmlVideoCode--]0a2b64132ad28085ae80453322d0cda5,0,1,news[!--end:htmlVideoCode--]
2018年12月31日，国家主席习近平和俄罗斯总统普京互致新年贺电。习近平表示，即将过去的一年是中俄关系发展史上具有特殊意义的一年。我们两国都顺利完成重要国内政治议程，开启了中俄关系发展新时代。
>>>详情
2019年1月1日，国家主席习近平与美国总统特朗普互致贺信，热烈祝贺两国建交40周年。
《告台湾同胞书》发表40周年纪念会将于2019年1月2日上午10时在人民大会堂举行。中共中央总书记、国家主席、中央军委主席习近平将出席纪念会并发表重要讲话。
新改版的《求是》杂志2019年第1期将发表中共中央总书记、国家主席、中央军委主席习近平的重要文章《辩证唯物主义是中国共产党人的世界观和方法论》。
[!--begin:htmlVideoCode--]733bf288c3a24ce791beb6c263ee8347,0,1,news[!--end:htmlVideoCode--]
《中华人民共和国土壤污染防治法》将于2019年1月1日正式发布，这是我国环保领域里面的一部新的重要法律，填补了环保立法的重要的空白。
△2018年8月，十三届全国人大常委会第五次会议通过了此法。
2019年1月1日起，新修改的农村土地承包法将实施，法律明确，承包方承包土地后，享有土地承包经营权，可以自己经营，也可以保留土地承包权，流转其承包地的土地经营权，由他人经营。
△进城农户的土地承包经营权也得到法律保护，不得以退出土地承包经营权作为农户进城落户的条件。
中央纪委国家监委2018年
12月31日公布了各级纪检监察机关查处扶贫领域腐败和作风问题的数据。据统计，党的十九大以来，截至2018年11月，全国共查处扶贫领域腐败和作风问题13.31万个，处理18.01万人。
湖北省纪委近日印发通知，决定自2019年1月1日起，全省各级纪检监察机关统一撤销各类“廉政账户”。各级党员干部、国家公职人员必须当面拒收可能影响公正执行公务、超出正常礼尚往来或其他各类违反规定的礼品礼金等。
△对因特殊原因确实无法当面拒收的，必须在事后5天之内退还。据悉，这一规定为全国最严。
国际
据俄罗斯媒体援引叙利亚消息人士的话报道，美军已经从叙利亚北部撤走首批武器，这批武器被送至伊拉克。这是美国总统特朗普宣布从叙利亚撤军以来，美军首次将武器运出。
△美军在叙利亚现有约2000人，大部分驻扎在叙利亚北部。美方计划在60至100天内完成撤军。
日前，俄罗斯向联合国大会递交保留《中导条约》决议草案遭到否决。当地时间2018年12月30日，俄罗斯外长拉夫罗夫就此表示，如果美国在欧洲部署中程导弹，俄罗斯将采取回应措施。
△2018年10月，美国政府以俄罗斯长期违反条约及条约限制美方研发新武器为由，宣布美国将退出《中导条约》。
俄罗斯紧急情况部2018年12月31日发布公告，称当天凌晨在车里雅宾斯克州的一居民楼发生天然气爆炸，目前已造成3人死亡，有79人下落不明。另据俄媒报道称，爆炸导致居民楼的一个单元完全坍塌。
△俄罗斯联邦安全局车里雅宾斯克分局表示，爆炸是天然气引起的，排除恐怖袭击的可能。
当地时间2018年12月31日，按照此前的声明，美国退出联合国教科文组织的决定正式生效，这是美国时隔34年第二次退出该组织。
菲律宾国家减灾管理委员会2018年12月31日说，菲律宾中部和北部地区连日来的强降雨引发山体滑坡和洪涝灾害，造成的遇难者人数已上升至68人，另有18人失踪。
△目前大雨导致的洪涝灾害波及全国150多个城市及乡村，近8万居民受灾，其中7470人已被安置在当地政府设立的疏散中心。
社会
工信部表示，要求中国移动、中国电信、中国联通三家基础电信企业2019年1月1日起在全国正式提供手机号异地销户服务。
国家卫健委消息，从2019年1月1日起，我国将启用新版出生医学证明。
>>>详情
△此次启用的2019版已经是我国推出的第六版《出生医学证明》。
海外中国公民护照政策将于2019年1月1日进行大幅调整。调整后，海外中国公民换领护照将不再要求一定要在国外定居；申请材料要求将进一步放宽；未成年人办证也将更加便利。
我国最大单体85万千瓦莫合风电场2018年12月31日在青海成功并网，那仁10万千瓦风电场也同时并网，合计投产容量达到95万千瓦，这是国内一次性并网容量最大的风电项目。
浙江宁波舟山港主通道的节点性工程——鱼山大桥于2018年12月31日全线完工。大桥位于浙江舟山岱山县，连接岱山岛和鱼山岛。
△宁波舟山港主通道预计2021年全线建成通车。
跨境电商零售进口税收政策2019年1月1日起调整，年度交易限值由每人每年20000元提高至26000元，单次交易限值提高至5000元，同时明确，已经购买的跨境电商零售进口商品不得进入国内市场再次销售。
据侵华日军南京大屠杀遇难同胞纪念馆官方微博消息，南京大屠杀幸存者马承年于2018年12月31日凌晨5时10分逝世，享年88岁。
北京三条新的地铁线段2018年12月30日开始试运营，为北京轨道交通路网新增里程28.6公里，北京轨道交通路网总里程达到636.8公里、车站391座。
△新运营的三条地铁线段包括：6号线西延段，从海淀五路居到金安桥；8号线南锣鼓巷至中国美术馆段；以及8号线珠市口到瀛海段。
北京城建集团消息，历经400多天，由钢筋铁骨铸造的北京世园会中国馆，于元旦前夕正式亮相，已具备交付展陈条件，成为2019年世园会中首个整体亮相的场馆。
△作为2019年北京世园会核心景观区的核心展馆，中国馆建筑面积2.3万平方米，呈抱月弧形，取名为“锦绣如意”。
浙江杭州萧山国际机场日前发布消息称，自2019年1月1日起，杭州萧山国际机场国内、国际航站楼所有吸烟室关闭。
三亚凤凰国际机场迎来年内第2000万位旅客，这让三亚成为国内首个非省会城市航空港吞吐量突破两千万人次的城市。
△目前，三亚凤凰国际机场共有航线176条，通达城市127个。
近日，网络上出现人民币发行70周年纪念钞发行前的图片，疑似纪念钞被提前兑换。对此，央行回应称，该图片、视频是由负责兑换工作的商业银行个别库房管理人员或押运人员私自拍摄，所涉纪念钞并未被提前兑换、“抽号”。
△网传纪念钞图片
2018年12月31日凌晨，福建省南平高速交警支队四大队二中队民警刘才添在执勤时，一辆途经该路段的重型半挂牵引车（鲁NC0312）因打滑失控冲入现场。刘才添同志发现警情后，立即呼叫事故现场的车辆驾乘人员撤离，自己却因躲闪不及被失控车辆碰撞挤压，不幸因公牺牲。
△刘才添日常执勤画面/资料图
天文专家介绍，作为行星合月当中最美的两幕“星月童话”，金星合月和木星合月将在2019年1月2日至3日接连上演。如果天气晴好，我国公众肉眼即可欣赏到星月联袂扮美天宇的美丽画面。
△2018年12月4日，北京市通州区东南方天际上演“金星合月” 美丽景象。
财经
2019年1月1日，新修改的个人所得税法将正式实施，子女教育、继续教育、大病医疗、住房贷款利息或者住房租金、赡养老人等支出，将可在个人所得税应缴纳税额中扣除，纳税人将获得更大减税红利。
△由国家税务总局开发的个人所得税APP的专项附加扣除信息填报功能2018年12月31日正式上线使用。
文体
在2018年冬奥会、各个项目的世锦赛和世界杯总决赛中，中国队运动员在22个大项中获得114个世界冠军，共有43人次创、超、平32项世界纪录，其中，10个奥运项目共获得34个奥项世界冠军，占总冠军总数的30%。
距2019年亚洲杯还有一周的时间，中国男足已经抵达阿联酋首都阿布扎比进行最后的调整。本届亚洲杯，国足分在C组，首战将于2019年1月7日对阵吉尔吉斯斯坦，次战于1月11日对阵菲律宾，第三战于1月16日对阵韩国。
2018年，中国电影全年共生产故事影片902部，全国票房突破609亿元，较去年同期增长9.06%，实现票房新高。国产影片票房378.97亿元，占比达62.15%。
今日提示
●
微信朋友圈、直播等方式卖货属“电子商务经营者”
2019年1月1日起，我国首部电子商务法《中华人民共和国电子商务法》正式实施。
新法明确了利用
微信朋友圈、网络直播
等方式从事商品、服务经营活动的自然人也是电子商务经营者。
拒退押金、恶意搭售这些侵权行为将面临
最高50万元
的罚款。
同时，
恶意刷好评、擅自删差评
的行为也被明令禁止。
除此以外，今天起，有一批新法规都要开始实施，具体请见
>>>详情
那年今日
今天，重温《告台湾同胞书》
40年前的今天，全国人大常委会发表《告台湾同胞书》，明确提出了一系列发展两岸关系、促进和平统一进程的政策措施。坚持一个中国原则、打破两岸隔绝状态、实现两岸直接“三通”、推动两岸协商谈判……今天，回顾历史，虽然局势已经发生巨大改变，但两岸同属一个中国的事实始终未变，两岸和平发展的潮流不可阻挡。
今日话题
今天是2019年的第一天，展望新的一年，你有什么期许？定下了哪些小目标？
新的一年来了，
立个Flag，一起加油吧！
>>>详情
😊
新年第一天，你有什么想说的，
与我们一起分享吧
～"
2019-01-01 01:31:19,网络海采《说句心里话》第四集 | 2019，请多关照,"[!--begin:htmlVideoCode--]9ee7386f480bfc11f5b40b3d1df20091,0,1,news[!--end:htmlVideoCode--]
元旦期间，央视新闻新媒体联合抖音等多个平台发起元旦征集活动#说句心里话#，邀请网友讲述2018年的收获与2019年的期待。征集发起后，央视新闻移动网UGC用户和各平台网友积极参与，踊跃投稿。
流年似光影，转瞬即逝。蓦然回首，2018，我们走过风雨，也经历着重重别离；这一路，有得有失，或平坦，或颠沛流离。那些曾经遗憾的，都握手言和。2019，新的一年，新的开始，愿你清零过往，笑对明天。
监制：杨继红 唐怡
策划：郑弘
编导：林喆 李招弟 单丹丹 张珍珠 黄馨凝 朴博
合作机构：中国海警 抖音 今日头条"
2019-01-01 01:24:16,2019年中国科学院院士增选正式启动,"记者从中国科学院学部工作局获悉，2019年中国科学院院士增选工作将于1月1日正式启动。
据了解，2019年中科院院士增选总名额为71名，其中支持新兴和交叉学科6名，支持国防和国家安全领域特别名额5名。71名增选总名额中，除支持国防和国家安全领域的5个特别名额须待特推小组评审推荐后再划归相关学部使用外，其余66个分配如下：数学物理学部11名、化学部11名、生命科学和医学学部13名、地学部11名、信息技术科学部8名、技术科学部12名。新兴和交叉学科名额以及特别名额的使用按照《中国科学院院士增选工作实施细则》规定执行。
每位院士最多推荐3名候选人，院士受常委会委托推荐新兴和交叉学科候选人不占院士个人推荐名额。被推荐人获得3名或3名以上院士推荐，且至少有2名院士所在学部与该候选人被推荐的学部相同方为有效；65周岁以上（1954年6月30 日<含>以前出生）的候选人需要6名或6名以上院士推荐，且至少有4名院士所在学部与该候选人被推荐的学部相同方为有效。
公务员和参照公务员法管理的党政机关处级以上领导干部原则上不作为院士候选人。凡2013年、2015年和2017年连续3次被推荐为中国科学院或被提名为中国工程院的有效候选人，2019年将停止1次被推荐资格。
据介绍，2019年中国科学院院士增选将遵循公正、客观的原则，严格把好院士的“入口关”。在增选工作中避免“唯论文、唯职称、唯学历、唯奖项”的倾向，同时自觉抵制不正之风，共同营造风清气正的增选环境。如有违背增选纪律的情况，将依据《中国科学院学部纪律处分规定》和《中国科学院学部主席团关于严肃2019年院士增选纪律的通知》中的相关要求严肃处理。（央视记者 帅俊全）"
2019-01-01 19:14:24,中美两国领导人互致贺信庆祝两国建交40周年,"[!--begin:htmlVideoCode--]b7a46086f09d4f97a435f49c0150d227,0,1,news[!--end:htmlVideoCode--]
2019年1月1日，国家主席习近平与美国总统特朗普互致贺信，热烈祝贺两国建交40周年。
习近平在贺信中指出，中美建交40年来，两国关系历经风雨，取得了历史性发展，为两国人民带来了巨大利益，也为世界和平、稳定、繁荣作出了重要贡献。历史充分证明，合作是双方最好的选择。
习近平强调，当前，中美关系正处于一个重要阶段。我高度重视中美关系发展，愿同总统先生一道，总结两国关系发展经验，落实好我们两人达成的共识，共同推进以协调、合作、稳定为基调的中美关系，让两国关系发展更好造福两国人民和世界各国人民。
特朗普在贺信中说，2019年1月1日是美利坚合众国和中华人民共和国建立外交关系40周年纪念日。多年来，两国关系取得了巨大发展。发展合作和建设性的美中关系是我个人的优先事项。我们强有力的友谊为两国在未来数年取得伟大成就奠定了极好的基础。"
2019-01-01 00:03:19,所有过往 皆为序章,"2019 我们来了
监制/杨继红 唐怡
主编/李浙  张天宇 王兴栋 李伟 
编辑/王元 李涛 杨浪 乔戈芭 陈斐然 王若璐 
文雅 
 郭爽 
王烁 
孙毛宁 江永韬 张省 吕小品 蒋安琪 李婷婷 史萌 李嘉欢 李嘉豪 姜萍 许丽瑶 马玮璐 王义 陈曦 陶静怡 黄绪甜 关欣 潘梦莹 魏铮 米莎 李杨 
曲羿 
毛娅荣 林湘瑜 杨云儿 车明键"
